"from_stop_id","to_stop_id","transfer_type","min_transfer_time","from_route_id","to_route_id","from_trip_id","to_trip_id"
000200403005,000200403005,2,300,,,,
000200402003,000200402003,2,300,,,,
000200402004,000200402004,2,300,,,,
000200304002,000200304002,2,300,,,,
000200417037,000200417037,2,300,,,,
000200412005,000200412005,2,300,,,,
000200404022,000200404022,2,300,,,,
000200419026,000200419026,2,300,,,,
000200417038,000200417038,2,300,,,,
000200419024,000200419024,2,300,,,,
000200425005,000200425005,2,300,,,,
000200419020,000200419020,2,300,,,,
000201004002,000201004002,2,300,,,,
000200801007,000200801007,2,300,,,,
000200801005,000200801005,2,300,,,,
000200801008,000200801008,2,300,,,,
000200801003,000200801003,2,300,,,,
000200801004,000200801004,2,300,,,,
000200901015,000200901015,2,300,,,,
000200901014,000200901014,2,300,,,,
000200901003,000200901003,2,300,,,,
000200405008,000200405008,2,300,,,,
000200419019,000200419019,2,300,,,,
000200419014,000200419014,2,300,,,,
000200404016,000200404016,2,300,,,,
000200425002,000200425002,2,300,,,,
000200419004,000200419004,2,300,,,,
000200412016,000200412016,2,300,,,,
000200405001,000200405001,2,300,,,,
000200419003,000200419003,2,300,,,,
000200404004,000200404004,2,300,,,,
000200419028,000200419028,2,300,,,,
000200419008,000200419008,2,300,,,,
000200419012,000200419012,2,300,,,,
000200419022,000200419022,2,300,,,,
000200901004,000200901004,2,300,,,,
000200901017,000200901017,2,300,,,,
000200426002,000200426002,2,300,,,,
000200417030,000200417030,2,300,,,,
000200414005,000200414005,2,300,,,,
000200414002,000200414002,2,300,,,,
000200414001,000200414001,2,300,,,,
000200414008,000200414008,2,300,,,,
000200414004,000200414004,2,300,,,,
000200415004,000200415004,2,300,,,,
000200412012,000200412012,2,300,,,,
000200417005,000200417005,2,300,,,,
000200412007,000200412007,2,300,,,,
000200420002,000200420002,2,300,,,,
000200417016,000200417016,2,300,,,,
000200417007,000200417007,2,300,,,,
000200404003,000200404003,2,300,,,,
000200424001,000200424001,2,300,,,,
000200423004,000200423004,2,300,,,,
000200412003,000200412003,2,300,,,,
000200412001,000200412001,2,300,,,,
000200414007,000200414007,2,300,,,,
000200408007,000200408007,2,300,,,,
000200405020,000200405020,2,300,,,,
000200409009,000200409009,2,300,,,,
000200404018,000200404018,2,300,,,,
000200406018,000200406018,2,300,,,,
000200406004,000200406004,2,300,,,,
000200406003,000200406003,2,300,,,,
000200406019,000200406019,2,300,,,,
000200417032,000200417032,2,300,,,,
000200801002,000200801002,2,300,,,,
000200422003,000200422003,2,300,,,,
000200422007,000200422007,2,300,,,,
000200417004,000200417004,2,300,,,,
000200422005,000200422005,2,300,,,,
000200407008,000200407008,2,300,,,,
000200402006,000200402006,2,300,,,,
000200407006,000200407006,2,300,,,,
000200422009,000200422009,2,300,,,,
000200422001,000200422001,2,300,,,,
000200402007,000200402007,2,300,,,,
000200422008,000200422008,2,300,,,,
000200422011,000200422011,2,300,,,,
000200405003,000200405003,2,300,,,,
000200404021,000200404021,2,300,,,,
000200602003,000200602003,2,300,,,,
000200404033,000200404033,2,300,,,,
000200415008,000200415008,2,300,,,,
000200412011,000200412011,2,300,,,,
000200412002,000200412002,2,300,,,,
000200415013,000200415013,2,300,,,,
000200417001,000200417001,2,300,,,,
000200403010,000200403010,2,300,,,,
000200404014,000200404014,2,300,,,,
000200404023,000200404023,2,300,,,,
000200304007,000200304007,2,300,,,,
000200419034,000200419034,2,300,,,,
000200404017,000200404017,2,300,,,,
000201004001,000201004001,2,300,,,,
000200404036,000200404036,2,300,,,,
000200419001,000200419001,2,300,,,,
000200404013,000200404013,2,300,,,,
000200409003,000200409003,2,300,,,,
000200405039,000200405039,2,300,,,,
000200304011,000200304011,2,300,,,,
000200901018,000200901018,2,300,,,,
000200406011,000200406011,2,300,,,,
000200420001,000200420001,2,300,,,,
000200406007,000200406007,2,300,,,,
000200901025,000200901025,2,300,,,,
000200406017,000200406017,2,300,,,,
000200406012,000200406012,2,300,,,,
000200901019,000200901019,2,300,,,,
000200408008,000200408008,2,300,,,,
000200408006,000200408006,2,300,,,,
000200602001,000200602001,2,300,,,,
000200403015,000200403015,2,300,,,,
000200404029,000200404029,2,300,,,,
000200420004,000200420004,2,300,,,,
000200412004,000200412004,2,300,,,,
000200412008,000200412008,2,300,,,,
000200420003,000200420003,2,300,,,,
000200403002,000200403002,2,300,,,,
000200403001,000200403001,2,300,,,,
000200508003,000200508003,2,300,,,,
000200423001,000200423001,2,300,,,,
000200404037,000200404037,2,300,,,,
000200404027,000200404027,2,60,,,,
000200406010,000200406010,2,300,,,,
000200406002,000200406002,2,300,,,,
000200406005,000200406005,2,300,,,,
000200403017,000200403017,2,300,,,,
000200425004,000200425004,2,300,,,,
000200420011,000200420011,2,300,,,,
000200420008,000200420008,2,300,,,,
000200420014,000200420014,2,300,,,,
000200420013,000200420013,2,300,,,,
000200901013,000200901013,2,300,,,,
000200901008,000200901008,2,300,,,,
000200901026,000200901026,2,300,,,,
000200425011,000200425011,2,300,,,,
000200425012,000200425012,2,300,,,,
000200421004,000200421004,2,300,,,,
000200420010,000200420010,2,300,,,,
000200426006,000200426006,2,300,,,,
000200426011,000200426011,2,300,,,,
000200408003,000200408003,2,300,,,,
000200426004,000200426004,2,300,,,,
000200408005,000200408005,2,300,,,,
000200406013,000200406013,2,300,,,,
000200408001,000200408001,2,300,,,,
000200417022,000200417022,2,300,,,,
000200417025,000200417025,2,300,,,,
000200406015,000200406015,2,300,,,,
000200423002,000200423002,2,300,,,,
000200403019,000200403019,2,300,,,,
000200403003,000200403003,2,300,,,,
000200420009,000200420009,2,300,,,,
000200419007,000200419007,2,300,,,,
000200422010,000200422010,2,300,,,,
000200422004,000200422004,2,300,,,,
000200403008,000200403008,2,300,,,,
000200404025,000200404025,2,300,,,,
000200419013,000200419013,2,300,,,,
000200410005,000200410005,2,300,,,,
000200419018,000200419018,2,300,,,,
000200419025,000200419025,2,300,,,,
000200419002,000200419002,2,300,,,,
000200419011,000200419011,2,300,,,,
000200419035,000200419035,2,300,,,,
000200403007,000200403007,2,300,,,,
000200420012,000200420012,2,300,,,,
000200403013,000200403013,2,300,,,,
000200403021,000200403021,2,300,,,,
000200409011,000200409011,2,300,,,,
000200409008,000200409008,2,300,,,,
000200403004,000200403004,2,300,,,,
000200417013,000200417013,2,300,,,,
000200412020,000200412020,2,300,,,,
000200422006,000200422006,2,300,,,,
000200422002,000200422002,2,300,,,,
000200417020,000200417020,2,300,,,,
000200426005,000200426005,2,300,,,,
000200426008,000200426008,2,300,,,,
000200426009,000200426009,2,300,,,,
000200426010,000200426010,2,300,,,,
000200417018,000200417018,2,300,,,,
000200413001,000200413001,2,300,,,,
000200404034,000200404034,2,300,,,,
000200404026,000200404026,2,300,,,,
000200423003,000200423003,2,300,,,,
000200403020,000200403020,2,300,,,,
000200423005,000200423005,2,300,,,,
000200304003,000200304003,2,300,,,,
000200409010,000200409010,2,300,,,,
000200406016,000200406016,2,300,,,,
000200426001,000200426001,2,300,,,,
000200406008,000200406008,2,300,,,,
000200426003,000200426003,2,300,,,,
000200304005,000200304005,2,300,,,,
000200304013,000200304013,2,300,,,,
000200417024,000200417024,2,300,,,,
000200417026,000200417026,2,300,,,,
000200417021,000200417021,2,300,,,,
000200421006,000200421006,2,300,,,,
000200421003,000200421003,2,300,,,,
000200415012,000200415012,2,300,,,,
000200407011,000200407011,2,300,,,,
000200407009,000200407009,2,300,,,,
000200403014,000200403014,2,300,,,,
000200407012,000200407012,2,300,,,,
000200407010,000200407010,2,300,,,,
000200412009,000200412009,2,300,,,,
000200412006,000200412006,2,300,,,,
000200415001,000200415001,2,300,,,,
000200426007,000200426007,2,300,,,,
000200414006,000200414006,2,300,,,,
000200403016,000200403016,2,300,,,,
000200101010,000200101010,2,300,,,,
000200101012,000200101012,2,300,,,,
000200101014,000200101014,2,300,,,,
000200101006,000200101006,2,300,,,,
000200101004,000200101004,2,300,,,,
000200101008,000200101008,2,300,,,,
000200303002,000200303002,2,300,,,,
000200404035,000200404035,2,300,,,,
000200102001,000200102001,2,300,,,,
000200102002,000200102002,2,300,,,,
000200404038,000200404038,2,300,,,,
000200404019,000200404019,2,300,,,,
000200101011,000200101011,2,300,,,,
000200101019,000200101019,2,300,,,,
000200101002,000200101002,2,300,,,,
000200304004,000200304004,2,300,,,,
000200418001,000200418001,2,300,,,,
000221107003,000221107003,2,300,,,,
000200415009,000200415009,2,300,,,,
000200405025,000200405025,2,300,,,,
000200414003,000200414003,2,300,,,,
000200404007,000200404007,2,300,,,,
000200410002,000200410002,2,300,,,,
000200417008,000200417008,2,300,,,,
000200417036,000200417036,2,300,,,,
000200901024,000200901024,2,300,,,,
000200415006,000200415006,2,300,,,,
000200403006,000200403006,2,300,,,,
000160301007,000160301007,2,300,,,,
000160301002,000160301002,2,300,,,,
000140505004,000140505004,2,300,,,,
000140505004,000140505004,1,,"3415","3416",,
000140505004,000140505004,1,,"3416","3415",,
000500000083,000500000083,2,300,,,,
000140505003,000140505003,2,300,,,,
000160601001,000160601001,2,300,,,,
000500000078,000500000078,2,300,,,,
000170804002,000170804002,2,300,,,,
000170101002,000170101002,2,300,,,,
000170301002,000170301002,2,300,,,,
000170501015,000170501015,2,300,,,,
000170101003,000170101003,2,300,,,,
000180305001,000180305001,2,300,,,,
000200504006,000200504006,2,300,,,,
000210701006,000210701006,2,300,,,,
000210701006,000210701006,1,,"2483","2624",,
000210701006,000210701006,1,,"2624","2483",,
000210701006,000210701006,1,,"2624","3458",,
000210701006,000210701006,1,,"2624","3459",,
000210701006,000210701006,1,,"3038","3205",,
000210701006,000210701006,1,,"3205","3038",,
000210701006,000210701006,1,,"3207","3458",,
000210701006,000210701006,1,,"3207","3571",,
000210701006,000210701006,1,,"3458","2624",,
000210701006,000210701006,1,,"3458","3207",,
000210701006,000210701006,1,,"3459","2624",,
000210701006,000210701006,1,,"3571","3207",,
000210701008,000210701008,2,300,,,,
000210803005,000210803005,2,300,,,,
000210803005,000210803005,1,,"3207","3281",,
000210803005,000210803005,1,,"3207","3282",,
000210803005,000210803005,1,,"3281","3207",,
000210803005,000210803005,1,,"3282","3207",,
000500000009,000500000009,2,300,,,,
000500000093,000500000093,2,300,,,,
000500000074,000500000074,2,300,,,,
000170601004,000170601004,2,300,,,,
000200405005,000200405005,2,300,,,,
000210801001,000210801001,2,300,,,,
000210801003,000210801003,2,300,,,,
000210402001,000210402001,2,300,,,,
000180803003,000180803003,2,300,,,,
000180803004,000180803004,2,300,,,,
000500000050,000500000050,2,300,,,,
000500000018,000500000018,2,300,,,,
000500000090,000500000090,2,300,,,,
000500000005,000500000005,2,300,,,,
000200405014,000200405014,2,180,,,,
000200504001,000200504001,2,300,,,,
000180101001,000180101001,2,300,,,,
000180102002,000180102002,2,300,,,,
000180102001,000180102001,2,300,,,,
000180803001,000180803001,2,300,,,,
000140603001,000140603001,2,300,,,,
000140401004,000140401004,2,300,,,,
000140401007,000140401007,2,300,,,,
000140401009,000140401009,2,300,,,,
000140401001,000140401001,2,300,,,,
000140401006,000140401006,2,300,,,,
000140401005,000140401005,2,300,,,,
000140203002,000140203002,2,300,,,,
000140203001,000140203001,2,300,,,,
000130207002,000130207002,2,300,,,,
000130201003,000130201003,2,300,,,,
000140201002,000140201002,2,300,,,,
000140201003,000140201003,2,300,,,,
000140204002,000140204002,2,300,,,,
000130204001,000130204001,2,300,,,,
000130204001,000130204001,1,,"2872","3437",,
000130204001,000130204001,1,,"3437","2872",,
000130204001,000130204001,1,,"3437","3439",,
000130204001,000130204001,1,,"3439","3437",,
000130202002,000130202002,2,300,,,,
000141203002,000141203002,2,300,,,,
000170101009,000170101009,2,300,,,,
000170101006,000170101006,2,300,,,,
000170301004,000170301004,2,300,,,,
000141204001,000141204001,2,300,,,,
000170102001,000170102001,2,300,,,,
000170104002,000170104002,2,300,,,,
000170302001,000170302001,2,300,,,,
000130301010,000130301010,2,300,,,,
000130301006,000130301006,2,300,,,,
000130301006,000130301006,1,,"2872","3440",,
000130301006,000130301006,1,,"3440","2872",,
000130301012,000130301012,2,300,,,,
000130101002,000130101002,2,300,,,,
000130101003,000130101003,2,300,,,,
000130106003,000130106003,2,300,,,,
000130106001,000130106001,2,300,,,,
000110406001,000110406001,2,300,,,,
000180401006,000180401006,2,300,,,,
000180701006,000180701006,2,300,,,,
000180701003,000180701003,2,300,,,,
000180701002,000180701002,2,300,,,,
000180703001,000180703001,2,300,,,,
000170605001,000170605001,2,300,,,,
000170610001,000170610001,2,300,,,,
000170611003,000170611003,2,300,,,,
000170612003,000170612003,2,300,,,,
000170612001,000170612001,2,300,,,,
000170501009,000170501009,2,300,,,,
000170501006,000170501006,2,300,,,,
000170501003,000170501003,2,300,,,,
000200409005,000200409005,2,300,,,,
000200410003,000200410003,2,300,,,,
000180508001,000180508001,2,300,,,,
000180508003,000180508003,2,300,,,,
000180508004,000180508004,2,300,,,,
000180511002,000180511002,2,300,,,,
000180511002,000180511002,1,,"2257","3526",,
000180511002,000180511002,1,,"3275","3529",,
000180511002,000180511002,1,,"3351","3529",,
000180511002,000180511002,1,,"3351","3784",,
000180511002,000180511002,1,,"3524","3529",,
000180511002,000180511002,1,,"3526","2257",,
000180511002,000180511002,1,,"3529","3275",,
000180511002,000180511002,1,,"3529","3351",,
000180511002,000180511002,1,,"3529","3524",,
000180511002,000180511002,1,,"3784","3351",,
000180511005,000180511005,2,300,,,,
000180511007,000180511007,2,300,,,,
000180509002,000180509002,2,300,,,,
000170404001,000170404001,2,300,,,,
000180801002,000180801002,2,300,,,,
000200403009,000200403009,2,300,,,,
000200404001,000200404001,2,300,,,,
000200405013,000200405013,2,300,,,,
000200419021,000200419021,2,300,,,,
000200204004,000200204004,2,300,,,,
000200601001,000200601001,2,300,,,,
000200601002,000200601002,2,300,,,,
000200601005,000200601005,2,300,,,,
000210801002,000210801002,2,300,,,,
000180801001,000180801001,2,300,,,,
000180804002,000180804002,2,300,,,,
000180802004,000180802004,2,300,,,,
000180802003,000180802003,2,300,,,,
000180802003,000180802003,1,,"3276","3277",,
000180802003,000180802003,1,,"3276","3281",,
000180802003,000180802003,1,,"3276","3320",,
000180802003,000180802003,1,,"3276","3356",,
000210402002,000210402002,2,300,,,,
000210801005,000210801005,2,300,,,,
000210401006,000210401006,2,300,,,,
000170501012,000170501012,2,300,,,,
000500000079,000500000079,1,,,,,
000180302004,000180302004,2,300,,,,
000180302002,000180302002,2,300,,,,
000180401002,000180401002,2,300,,,,
000180401002,000180401002,1,,"2427","2760",,
000180401002,000180401002,1,,"2620","2760",,
000180401002,000180401002,1,,"2760","2427",,
000180401002,000180401002,1,,"2760","2620",,
000180401002,000180401002,1,,"2760","3281",,
000180401002,000180401002,1,,"3281","2760",,
000180305002,000180305002,2,300,,,,
000180305003,000180305003,2,300,,,,
000180305004,000180305004,2,300,,,,
000180306001,000180306001,2,300,,,,
000210602003,000210602003,2,300,,,,
000500000089,000500000089,2,300,,,,
000500000035,000500000035,2,300,,,,
000500000021,000500000021,2,300,,,,
000200203003,000200203003,2,300,,,,
000500000033,000500000033,2,300,,,,
000500000034,000500000034,2,300,,,,
000500104061,000500104061,2,300,,,,
000500101059,000500101059,2,300,,,,
000500102045,000500102045,2,300,,,,
000500102046,000500102046,2,300,,,,
000500103054,000500103054,2,300,,,,
000500000080,000500000080,2,300,,,,
000170501005,000170501005,2,300,,,,
000500000082,000500000082,2,300,,,,
000500000027,000500000027,2,300,,,,
000500102043,000500102043,2,300,,,,
000500102044,000500102044,2,300,,,,
000500104063,000500104063,2,300,,,,
000500105066,000500105066,2,300,,,,
000500000058,000500000058,2,300,,,,
000220201001,000220201001,2,300,,,,
000220301018,000220301018,2,300,,,,
000220301003,000220301003,2,300,,,,
000220301005,000220301005,2,300,,,,
000220301006,000220301006,2,300,,,,
000220301045,000220301045,2,300,,,,
000220301044,000220301044,2,300,,,,
000220301054,000220301054,2,300,,,,
000220301042,000220301042,2,300,,,,
000220301037,000220301037,2,300,,,,
000220301040,000220301040,2,300,,,,
000220301016,000220301016,2,300,,,,
000220301057,000220301057,2,300,,,,
000220301004,000220301004,2,300,,,,
000220301033,000220301033,2,300,,,,
000220402053,000220402053,2,300,,,,
000220402012,000220402012,2,300,,,,
000220402098,000220402098,2,300,,,,
000220402005,000220402005,2,300,,,,
000220402013,000220402013,2,300,,,,
000220402076,000220402076,2,300,,,,
000220402052,000220402052,2,300,,,,
000220402002,000220402002,2,300,,,,
000220402035,000220402035,2,300,,,,
000220402027,000220402027,2,300,,,,
000220402026,000220402026,2,300,,,,
000220201041,000220201041,2,300,,,,
000220201025,000220201025,2,300,,,,
000220201036,000220201036,2,300,,,,
000220201044,000220201044,2,300,,,,
000220201004,000220201004,2,300,,,,
000220202002,000220202002,2,300,,,,
000220202003,000220202003,2,300,,,,
000220202001,000220202001,2,300,,,,
000220402065,000220402065,2,300,,,,
000221201011,000221201011,2,300,,,,
000221201002,000221201002,2,300,,,,
000220601012,000220601012,2,300,,,,
000220301030,000220301030,2,300,,,,
000220301031,000220301031,2,300,,,,
000220301019,000220301019,2,300,,,,
000220301002,000220301002,2,300,,,,
000220301013,000220301013,2,300,,,,
000220301048,000220301048,2,300,,,,
000220601013,000220601013,2,300,,,,
000220601014,000220601014,2,300,,,,
000220602004,000220602004,2,300,,,,
000220602008,000220602008,2,300,,,,
000221201012,000221201012,2,300,,,,
000221201009,000221201009,2,300,,,,
000221201004,000221201004,2,300,,,,
000221201007,000221201007,2,300,,,,
000221201006,000221201006,2,300,,,,
000220601004,000220601004,2,300,,,,
000220601017,000220601017,2,300,,,,
000220601021,000220601021,2,300,,,,
000220601010,000220601010,2,300,,,,
000220601005,000220601005,2,300,,,,
000220601011,000220601011,2,300,,,,
000221401008,000221401008,2,300,,,,
000221401003,000221401003,2,300,,,,
000220402054,000220402054,2,300,,,,
000220901007,000220901007,2,300,,,,
000190101003,000190101003,2,300,,,,
000221304001,000221304001,2,300,,,,
000221302002,000221302002,2,300,,,,
000221302007,000221302007,2,300,,,,
000221302001,000221302001,2,300,,,,
000220201039,000220201039,2,300,,,,
000221304004,000221304004,2,300,,,,
000221304007,000221304007,2,300,,,,
000221301011,000221301011,2,300,,,,
000220203003,000220203003,2,300,,,,
000220903002,000220903002,2,300,,,,
000220903020,000220903020,2,300,,,,
000220903018,000220903018,2,300,,,,
000220901009,000220901009,2,300,,,,
000190103003,000190103003,2,300,,,,
000190102002,000190102002,2,300,,,,
000190102003,000190102003,2,300,,,,
000190101019,000190101019,2,300,,,,
000190101014,000190101014,2,300,,,,
000221303002,000221303002,2,300,,,,
000220203011,000220203011,2,300,,,,
000220402067,000220402067,2,300,,,,
000220402033,000220402033,2,300,,,,
000220402112,000220402112,2,300,,,,
000220402004,000220402004,2,300,,,,
000220402104,000220402104,2,300,,,,
000220301009,000220301009,2,300,,,,
000220301027,000220301027,2,300,,,,
000220301049,000220301049,2,300,,,,
000220301050,000220301050,2,300,,,,
000220301014,000220301014,2,300,,,,
000220301056,000220301056,2,300,,,,
000220301038,000220301038,2,300,,,,
000220301024,000220301024,2,300,,,,
000220201018,000220201018,2,300,,,,
000220201006,000220201006,2,300,,,,
000220901006,000220901006,2,300,,,,
000220901013,000220901013,2,300,,,,
000220901012,000220901012,2,300,,,,
000220203004,000220203004,2,300,,,,
000220203008,000220203008,2,300,,,,
000220201057,000220201057,2,300,,,,
000220201034,000220201034,2,300,,,,
000220201054,000220201054,2,300,,,,
000220204004,000220204004,2,300,,,,
000220402079,000220402079,2,300,,,,
000220402106,000220402106,2,300,,,,
000220402105,000220402105,2,300,,,,
000220402034,000220402034,2,300,,,,
000220402034,000220402034,1,,"3853","3903",,
000220301046,000220301046,2,300,,,,
000220901005,000220901005,2,300,,,,
000220901001,000220901001,2,300,,,,
000220402014,000220402014,2,300,,,,
000220903009,000220903009,2,300,,,,
000220402064,000220402064,2,300,,,,
000220601009,000220601009,2,300,,,,
000220601002,000220601002,2,300,,,,
000220601007,000220601007,2,300,,,,
000220402086,000220402086,2,300,,,,
000221301018,000221301018,2,300,,,,
000220402022,000220402022,2,300,,,,
000220902018,000220902018,2,300,,,,
000200102005,000200102005,2,300,,,,
000200901007,000200901007,2,300,,,,
000200101017,000200101017,2,300,,,,
000140701023,000140701023,2,300,,,,
000140701023,000140701023,1,,"3419","3419",,
000140701023,000140701023,1,,"3445","3419",,
000140701020,000140701020,2,300,,,,
000140702010,000140702010,2,300,,,,
000140702011,000140702011,2,300,,,,
000140701031,000140701031,2,300,,,,
000140701006,000140701006,2,300,,,,
000140701015,000140701015,2,300,,,,
000120911007,000120911007,2,300,,,,
000120911040,000120911040,2,300,,,,
000220201032,000220201032,2,300,,,,
000220203029,000220203029,2,300,,,,
000220203023,000220203023,2,300,,,,
000200901002,000200901002,2,300,,,,
000220201023,000220201023,2,300,,,,
000500000010,000500000010,2,300,,,,
000160601006,000160601006,2,300,,,,
000160501002,000160501002,2,300,,,,
000160501002,000160501002,1,,"3278","3350",,
000160501002,000160501002,1,,"3350","3278",,
000160501004,000160501004,2,300,,,,
000160502001,000160502001,2,300,,,,
000180511006,000180511006,2,300,,,,
000180507001,000180507001,2,300,,,,
000180501001,000180501001,2,300,,,,
000180504001,000180504001,2,300,,,,
000180504002,000180504002,2,300,,,,
000180504003,000180504003,2,300,,,,
000180510001,000180510001,2,300,,,,
000160802001,000160802001,2,300,,,,
000160806001,000160806001,2,300,,,,
000160801001,000160801001,2,300,,,,
000180505001,000180505001,2,180,,,,
000201005001,000201005001,2,300,,,,
000200405036,000200405036,2,120,,,,
000160601005,000160601005,2,300,,,,
000140505001,000140505001,2,300,,,,
000140503001,000140503001,2,300,,,,
000140503002,000140503002,2,300,,,,
000160601007,000160601007,2,300,,,,
000160601007,000160601007,1,,"3280","3415",,
000160601007,000160601007,1,,"3415","3280",,
000160602002,000160602002,2,300,,,,
000160501005,000160501005,2,300,,,,
000140401008,000140401008,2,300,,,,
000140701024,000140701024,2,300,,,,
000170803002,000170803002,2,300,,,,
000170801002,000170801002,2,300,,,,
000170801002,000170801002,1,,"3278","3279",,
000170801002,000170801002,1,,"3279","3278",,
000170801002,000170801002,1,,"3279","3280",,
000170801002,000170801002,1,,"3280","3279",,
000170802002,000170802002,2,300,,,,
000170101001,000170101001,2,300,,,,
000170801001,000170801001,2,300,,,,
000170401002,000170401002,2,300,,,,
000170207001,000170207001,2,300,,,,
000170501004,000170501004,2,300,,,,
000170501022,000170501022,2,300,,,,
000170501021,000170501021,2,300,,,,
000170403004,000170403004,2,300,,,,
000170205001,000170205001,2,300,,,,
000170403001,000170403001,2,300,,,,
000170403002,000170403002,2,300,,,,
000170402002,000170402002,2,300,,,,
000170402005,000170402005,1,,,,,
000170402005,000170402005,1,,"3524","3529",,
000170402005,000170402005,1,,"3529","3524",,
000170402001,000170402001,2,300,,,,
000170402001,000170402001,1,,"3524","3529",,
000170402001,000170402001,1,,"3529","3524",,
000170402001,000170402001,1,,"3529","3560",,
000170402001,000170402001,1,,"3560","3529",,
000170501007,000170501007,2,300,,,,
000170501002,000170501002,2,300,,,,
000170301003,000170301003,2,300,,,,
000170305001,000170305001,2,300,,,,
000170402004,000170402004,2,300,,,,
000170202002,000170202002,2,300,,,,
000150105002,000150105002,2,300,,,,
000170203002,000170203002,2,300,,,,
000170205002,000170205002,2,300,,,,
000180502002,000180502002,2,300,,,,
000180502001,000180502001,2,300,,,,
000170402006,000170402006,2,300,,,,
000200404008,000200404008,2,300,,,,
000180703002,000180703002,2,300,,,,
000180508005,000180508005,2,300,,,,
000200502001,000200502001,2,300,,,,
000200502002,000200502002,2,300,,,,
000200506003,000200506003,2,300,,,,
000200506001,000200506001,2,300,,,,
000200506006,000200506006,2,300,,,,
000200508002,000200508002,2,300,,,,
000200508011,000200508011,2,300,,,,
000200502003,000200502003,2,300,,,,
000200305005,000200305005,2,300,,,,
000200305007,000200305007,2,300,,,,
000200305006,000200305006,2,300,,,,
000200305002,000200305002,2,300,,,,
000200303003,000200303003,2,300,,,,
000200303004,000200303004,2,300,,,,
000200303001,000200303001,2,300,,,,
000200303007,000200303007,2,300,,,,
000200304001,000200304001,2,300,,,,
000200508007,000200508007,2,300,,,,
000200507001,000200507001,2,300,,,,
000200504002,000200504002,2,300,,,,
000200504005,000200504005,2,300,,,,
000200505003,000200505003,2,300,,,,
000200505001,000200505001,2,300,,,,
000200505005,000200505005,2,300,,,,
000200305008,000200305008,2,300,,,,
000200305004,000200305004,2,300,,,,
000200305003,000200305003,2,300,,,,
000200705004,000200705004,2,300,,,,
000200504003,000200504003,2,300,,,,
000180512001,000180512001,2,300,,,,
000180105002,000180105002,2,300,,,,
000180105003,000180105003,2,300,,,,
000180401008,000180401008,2,300,,,,
000180401001,000180401001,2,300,,,,
000180401007,000180401007,2,300,,,,
000180401013,000180401013,2,300,,,,
000180302001,000180302001,2,300,,,,
000210401001,000210401001,2,300,,,,
000180301001,000180301001,2,300,,,,
000180104002,000180104002,2,300,,,,
000180104001,000180104001,2,300,,,,
000200204001,000200204001,2,300,,,,
000200704001,000200704001,2,300,,,,
000200704003,000200704003,2,300,,,,
000200705005,000200705005,2,300,,,,
000200508009,000200508009,2,300,,,,
000200508004,000200508004,2,300,,,,
000200508006,000200508006,2,300,,,,
000200702002,000200702002,2,300,,,,
000200702001,000200702001,2,300,,,,
000200704002,000200704002,2,300,,,,
000200705003,000200705003,2,300,,,,
000200706001,000200706001,2,300,,,,
000180802002,000180802002,2,300,,,,
000210401004,000210401004,2,300,,,,
000210401002,000210401002,2,300,,,,
000200204005,000200204005,2,300,,,,
000200204006,000200204006,2,300,,,,
000200601010,000200601010,2,300,,,,
000200601004,000200601004,2,300,,,,
000200601006,000200601006,2,300,,,,
000210102004,000210102004,2,300,,,,
000500000073,000500000073,2,300,,,,
000200601009,000200601009,2,300,,,,
000210803004,000210803004,2,300,,,,
000210803001,000210803001,2,300,,,,
000210102002,000210102002,2,300,,,,
000210102003,000210102003,2,300,,,,
000210104001,000210104001,2,300,,,,
000210101001,000210101001,2,300,,,,
000210109002,000210109002,2,300,,,,
000200203001,000200203001,2,300,,,,
000200203004,000200203004,2,300,,,,
000210803002,000210803002,2,300,,,,
000210701003,000210701003,2,300,,,,
000210701012,000210701012,2,300,,,,
000210701014,000210701014,2,300,,,,
000200420006,000200420006,2,300,,,,
000210701015,000210701015,2,300,,,,
000160201005,000160201005,2,300,,,,
000200202002,000200202002,2,300,,,,
000200203002,000200203002,2,300,,,,
000200201006,000200201006,2,300,,,,
000200201003,000200201003,2,300,,,,
000200201001,000200201001,2,300,,,,
000210301001,000210301001,2,300,,,,
000210301004,000210301004,2,300,,,,
000210301002,000210301002,2,300,,,,
000201102003,000201102003,2,300,,,,
000200301001,000200301001,2,300,,,,
000200303006,000200303006,2,300,,,,
000200303006,000200303006,1,,"3327","3360",,
000200303006,000200303006,1,,"3360","3327",,
000220502003,000220502003,2,300,,,,
000201103004,000201103004,2,300,,,,
000200301002,000200301002,2,300,,,,
000200301003,000200301003,2,300,,,,
000210701011,000210701011,2,300,,,,
000210607002,000210607002,2,300,,,,
000210609001,000210609001,2,300,,,,
000210501002,000210501002,2,300,,,,
000220501002,000220501002,2,300,,,,
000220502002,000220502002,2,300,,,,
000210105001,000210105001,2,300,,,,
000210608001,000210608001,2,300,,,,
000210608002,000210608002,2,300,,,,
000210601003,000210601003,2,300,,,,
000210601002,000210601002,2,300,,,,
000210602002,000210602002,2,300,,,,
000210602005,000210602005,2,300,,,,
000210604001,000210604001,2,300,,,,
000210605001,000210605001,2,300,,,,
000210605003,000210605003,2,300,,,,
000210607003,000210607003,2,300,,,,
000210606001,000210606001,2,300,,,,
000201101002,000201101002,2,300,,,,
000201101001,000201101001,2,300,,,,
000221106002,000221106002,2,300,,,,
000221103001,000221103001,2,300,,,,
000221103002,000221103002,2,300,,,,
000221105002,000221105002,2,300,,,,
000220102003,000220102003,2,300,,,,
000220102005,000220102005,2,300,,,,
000221106004,000221106004,2,300,,,,
000221104001,000221104001,2,300,,,,
000221104002,000221104002,2,300,,,,
000221102002,000221102002,2,300,,,,
000221102001,000221102001,2,300,,,,
000200302002,000200302002,2,300,,,,
000200302001,000200302001,2,300,,,,
000221105001,000221105001,2,300,,,,
000221101001,000221101001,2,300,,,,
000400000066,000400000066,2,300,,,,
000221201005,000221201005,2,300,,,,
000221201003,000221201003,2,300,,,,
000220601018,000220601018,2,300,,,,
000220105003,000220105003,2,300,,,,
000220104001,000220104001,2,300,,,,
000220104002,000220104002,2,300,,,,
000220104004,000220104004,2,300,,,,
000220103001,000220103001,2,300,,,,
000220101001,000220101001,2,300,,,,
000221107002,000221107002,2,300,,,,
000221107004,000221107004,2,300,,,,
000221107005,000221107005,2,300,,,,
000220102001,000220102001,2,300,,,,
000220102002,000220102002,2,300,,,,
000220204003,000220204003,2,300,,,,
000221301006,000221301006,2,300,,,,
000221301007,000221301007,2,300,,,,
000221301005,000221301005,2,300,,,,
000220201003,000220201003,2,300,,,,
000220201019,000220201019,2,300,,,,
000220201026,000220201026,2,300,,,,
000221304012,000221304012,2,300,,,,
000220803017,000220803017,2,300,,,,
000220803005,000220803005,2,300,,,,
000220803016,000220803016,2,300,,,,
000220803003,000220803003,2,300,,,,
000220803013,000220803013,2,300,,,,
000220802003,000220802003,2,300,,,,
000220801002,000220801002,2,300,,,,
000220801008,000220801008,2,300,,,,
000220801009,000220801009,2,300,,,,
000220804014,000220804014,2,300,,,,
000220804007,000220804007,2,300,,,,
000220804002,000220804002,2,300,,,,
000220804013,000220804013,2,300,,,,
000220804001,000220804001,2,300,,,,
000220804008,000220804008,2,300,,,,
000220802004,000220802004,2,300,,,,
000220802010,000220802010,2,300,,,,
000220803015,000220803015,2,300,,,,
000220803023,000220803023,2,300,,,,
000220803007,000220803007,2,300,,,,
000220701002,000220701002,2,300,,,,
000220701010,000220701010,2,300,,,,
000220701013,000220701013,2,300,,,,
000220701016,000220701016,2,300,,,,
000220701008,000220701008,2,300,,,,
000221303004,000221303004,2,300,,,,
000221303009,000221303009,2,300,,,,
000221303007,000221303007,2,300,,,,
000221002002,000221002002,2,300,,,,
000221003001,000221003001,2,300,,,,
000221001002,000221001002,2,300,,,,
000221004001,000221004001,2,300,,,,
000221004002,000221004002,2,300,,,,
000221005001,000221005001,2,300,,,,
000220701009,000220701009,2,300,,,,
000221002001,000221002001,2,300,,,,
000221302005,000221302005,2,300,,,,
000221302008,000221302008,2,300,,,,
000220903008,000220903008,2,300,,,,
000220903008,000220903008,1,,"2782","3225",,
000220903008,000220903008,1,,"3225","2782",,
000220203009,000220203009,2,300,,,,
000221303003,000221303003,2,300,,,,
000190101013,000190101013,2,300,,,,
000190103001,000190103001,2,300,,,,
000190102004,000190102004,2,300,,,,
000190101021,000190101021,2,300,,,,
000190101009,000190101009,2,300,,,,
000190101016,000190101016,2,300,,,,
000190101006,000190101006,2,300,,,,
000190101017,000190101017,2,300,,,,
000190303004,000190303004,2,300,,,,
000190303005,000190303005,2,300,,,,
000190302005,000190302005,2,300,,,,
000190302002,000190302002,2,300,,,,
000190302006,000190302006,2,300,,,,
000190302003,000190302003,2,300,,,,
000190101004,000190101004,2,300,,,,
000190101001,000190101001,2,300,,,,
000190301001,000190301001,2,300,,,,
000200420005,000200420005,2,300,,,,
000191104008,000191104008,2,300,,,,
000191104004,000191104004,2,300,,,,
000190704001,000190704001,2,300,,,,
000190901004,000190901004,2,300,,,,
000190903005,000190903005,2,300,,,,
000190903012,000190903012,2,300,,,,
000190903002,000190903002,2,300,,,,
000190903007,000190903007,2,300,,,,
000160904012,000160904012,2,300,,,,
000200901011,000200901011,2,300,,,,
000200901016,000200901016,2,300,,,,
000200901022,000200901022,2,300,,,,
000200901010,000200901010,2,300,,,,
000200901029,000200901029,2,300,,,,
000190104007,000190104007,2,300,,,,
000190104002,000190104002,2,300,,,,
000190104004,000190104004,2,300,,,,
000190104005,000190104005,2,300,,,,
000190104008,000190104008,2,300,,,,
000190105002,000190105002,2,300,,,,
000190105003,000190105003,2,300,,,,
000190403003,000190403003,2,300,,,,
000190902002,000190902002,2,300,,,,
000190902003,000190902003,2,300,,,,
000190903004,000190903004,2,300,,,,
000190903009,000190903009,2,300,,,,
000190903006,000190903006,2,300,,,,
000190903014,000190903014,2,300,,,,
000190501001,000190501001,2,300,,,,
000191104005,000191104005,2,300,,,,
000191104007,000191104007,2,300,,,,
000191102005,000191102005,2,300,,,,
000191102004,000191102004,2,300,,,,
000191102003,000191102003,2,300,,,,
000150606007,000150606007,2,300,,,,
000150606003,000150606003,2,300,,,,
000150606003,000150606003,1,,"3236","3256",,
000150606003,000150606003,1,,"3236","3669",,
000150606003,000150606003,1,,"3256","3236",,
000150606003,000150606003,1,,"3343","3372",,
000150606003,000150606003,1,,"3372","3343",,
000150606003,000150606003,1,,"3669","3236",,
000150303003,000150303003,2,300,,,,
000150101001,000150101001,2,300,,,,
000150101002,000150101002,2,300,,,,
000150103001,000150103001,2,300,,,,
000150108002,000150108002,2,300,,,,
000190502008,000190502008,2,300,,,,
000190502001,000190502001,2,300,,,,
000190502004,000190502004,2,300,,,,
000190502003,000190502003,2,300,,,,
000190502003,000190502003,1,,"3234","3394",,
000190502003,000190502003,1,,"3234","3470",,
000190502003,000190502003,1,,"3394","3234",,
000190502003,000190502003,1,,"3470","3234",,
000190502002,000190502002,2,300,,,,
000150606001,000150606001,2,300,,,,
000150303002,000150303002,2,300,,,,
000190506001,000190506001,2,300,,,,
000190703001,000190703001,2,300,,,,
000190703002,000190703002,2,300,,,,
000190703003,000190703003,2,300,,,,
000190701001,000190701001,2,300,,,,
000190702002,000190702002,2,300,,,,
000190702001,000190702001,2,300,,,,
000190604003,000190604003,2,300,,,,
000190604002,000190604002,2,300,,,,
000190602004,000190602004,2,300,,,,
000190602001,000190602001,2,300,,,,
000190602006,000190602006,2,300,,,,
000190605002,000190605002,2,300,,,,
000190605003,000190605003,2,300,,,,
000190606003,000190606003,2,300,,,,
000190606002,000190606002,2,300,,,,
000150606008,000150606008,2,300,,,,
000150606010,000150606010,2,300,,,,
000150604001,000150604001,2,300,,,,
000150604002,000150604002,2,300,,,,
000150106001,000150106001,2,300,,,,
000150802001,000150802001,2,300,,,,
000160206001,000160206001,2,300,,,,
000160206005,000160206005,2,300,,,,
000161109001,000161109001,2,300,,,,
000161109001,000161109001,1,,"3343","3373",,
000161109001,000161109001,1,,"3373","3343",,
000190802002,000190802002,2,300,,,,
000190801001,000190801001,2,300,,,,
000190801002,000190801002,2,300,,,,
000190801005,000190801005,2,300,,,,
000190801004,000190801004,2,300,,,,
000150704003,000150704003,2,300,,,,
000150606004,000150606004,2,300,,,,
000150202002,000150202002,2,300,,,,
000150607001,000150607001,2,300,,,,
000160207001,000160207001,2,300,,,,
000160211001,000160211001,2,300,,,,
000160210002,000160210002,2,300,,,,
000160210001,000160210001,2,300,,,,
000160206003,000160206003,2,300,,,,
000160206002,000160206002,2,300,,,,
000190505001,000190505001,2,300,,,,
000190504001,000190504001,2,300,,,,
000190508002,000190508002,2,300,,,,
000150702001,000150702001,2,300,,,,
000150702002,000150702002,2,300,,,,
000150701001,000150701001,2,300,,,,
000150701003,000150701003,2,300,,,,
000150703001,000150703001,2,300,,,,
000150703002,000150703002,2,300,,,,
000150705001,000150705001,2,300,,,,
000190801003,000190801003,2,300,,,,
000160909002,000160909002,2,300,,,,
000160909001,000160909001,2,300,,,,
000190607001,000190607001,2,300,,,,
000190802003,000190802003,2,300,,,,
000201003001,000201003001,2,300,,,,
000200802001,000200802001,2,300,,,,
000200802004,000200802004,2,300,,,,
000200802002,000200802002,2,300,,,,
000160902001,000160902001,2,300,,,,
000160902004,000160902004,2,300,,,,
000160702001,000160702001,2,300,,,,
000160807003,000160807003,2,300,,,,
000160804001,000160804001,2,300,,,,
000141101005,000141101005,2,300,,,,
000141101003,000141101003,2,300,,,,
000151010005,000151010005,2,300,,,,
000151010004,000151010004,2,300,,,,
000150902004,000150902004,2,300,,,,
000150902006,000150902006,2,300,,,,
000150902005,000150902005,2,300,,,,
000160101004,000160101004,2,300,,,,
000160102002,000160102002,2,300,,,,
000160904008,000160904008,2,300,,,,
000220503003,000220503003,2,300,,,,
000220503001,000220503001,2,300,,,,
000221401006,000221401006,2,300,,,,
000220105005,000220105005,2,300,,,,
000220102006,000220102006,2,300,,,,
000220105002,000220105002,2,300,,,,
000221106001,000221106001,2,300,,,,
000221001001,000221001001,2,300,,,,
000220802005,000220802005,2,300,,,,
000220803021,000220803021,2,300,,,,
000220802009,000220802009,2,300,,,,
000220802008,000220802008,2,300,,,,
000221302003,000221302003,2,300,,,,
000221301008,000221301008,2,300,,,,
000221301024,000221301024,2,300,,,,
000221301003,000221301003,2,300,,,,
000221301020,000221301020,2,300,,,,
000221301012,000221301012,2,300,,,,
000221301019,000221301019,2,300,,,,
000220902008,000220902008,2,300,,,,
000191103002,000191103002,2,300,,,,
000190404001,000190404001,2,300,,,,
000190404002,000190404002,2,300,,,,
000190104001,000190104001,2,300,,,,
000190101007,000190101007,2,300,,,,
000190101020,000190101020,2,300,,,,
000191103003,000191103003,2,300,,,,
000160904006,000160904006,2,300,,,,
000160904003,000160904003,2,300,,,,
000190302007,000190302007,2,300,,,,
000190303003,000190303003,2,300,,,,
000190303001,000190303001,2,300,,,,
000220903004,000220903004,2,300,,,,
000220903022,000220903022,2,300,,,,
000220903003,000220903003,2,300,,,,
000220903007,000220903007,2,300,,,,
000220903021,000220903021,2,300,,,,
000220901003,000220901003,2,300,,,,
000220901008,000220901008,2,300,,,,
000160906001,000160906001,2,300,,,,
000160905001,000160905001,2,300,,,,
000160901001,000160901001,2,300,,,,
000161004001,000161004001,2,300,,,,
000161002001,000161002001,2,300,,,,
000161003002,000161003002,2,300,,,,
000161003004,000161003004,2,300,,,,
000161005002,000161005002,2,300,,,,
000160910002,000160910002,2,300,,,,
000160601008,000160601008,2,300,,,,
000160601002,000160601002,2,300,,,,
000160601004,000160601004,2,300,,,,
000160401001,000160401001,2,300,,,,
000160902002,000160902002,2,300,,,,
000170304002,000170304002,2,300,,,,
000170304001,000170304001,2,300,,,,
000170104003,000170104003,2,300,,,,
000170101004,000170101004,2,300,,,,
000170804003,000170804003,2,300,,,,
000160404001,000160404001,2,300,,,,
000160208001,000160208001,2,300,,,,
000160904013,000160904013,2,300,,,,
000160904004,000160904004,2,300,,,,
000160904002,000160904002,2,300,,,,
000160203003,000160203003,2,300,,,,
000160203001,000160203001,2,300,,,,
000150805003,000150805003,2,300,,,,
000150804003,000150804003,2,300,,,,
000160204001,000160204001,2,300,,,,
000161001006,000161001006,2,300,,,,
000141301004,000141301004,2,300,,,,
000141301006,000141301006,2,300,,,,
000140701018,000140701018,2,300,,,,
000140701021,000140701021,2,300,,,,
000141301002,000141301002,2,300,,,,
000141301005,000141301005,2,300,,,,
000210803003,000210803003,2,300,,,,
000180703003,000180703003,2,300,,,,
000180802001,000180802001,2,300,,,,
000180204001,000180204001,2,300,,,,
000180204002,000180204002,2,300,,,,
000180208001,000180208001,2,300,,,,
000180205001,000180205001,2,300,,,,
000180205001,000180205001,1,,"3285","3297",,
000180205001,000180205001,1,,"3297","3285",,
000180202001,000180202001,2,300,,,,
000180201003,000180201003,2,300,,,,
000180201004,000180201004,2,300,,,,
000180201002,000180201002,2,300,,,,
000180210004,000180210004,2,300,,,,
000180210004,000180210004,1,,"3199","3285",,
000180210004,000180210004,1,,"3199","3287",,
000180210004,000180210004,1,,"3285","3199",,
000180210004,000180210004,1,,"3285","3288",,
000180210004,000180210004,1,,"3287","3199",,
000180210004,000180210004,2,60,"3287","3288",,
000180210004,000180210004,1,,"3288","3285",,
000180210004,000180210004,2,60,"3288","3287",,
000180207003,000180207003,2,300,,,,
000180207002,000180207002,2,300,,,,
000170501011,000170501011,2,300,,,,
000170606002,000170606002,2,300,,,,
000170606001,000170606001,2,300,,,,
000170606003,000170606003,2,300,,,,
000170604001,000170604001,2,300,,,,
000180601002,000180601002,2,300,,,,
000180601001,000180601001,2,300,,,,
000170501010,000170501010,2,300,,,,
000170608001,000170608001,2,300,,,,
000170608001,000170608001,1,,"3310","3312",,
000170608001,000170608001,1,,"3312","3310",,
000170603001,000170603001,2,300,,,,
000170602001,000170602001,2,300,,,,
000180602001,000180602001,2,300,,,,
000180603001,000180603001,2,300,,,,
000180603001,000180603001,1,,"3287","3290",,
000180603001,000180603001,1,,"3290","3287",,
000180603001,000180603001,1,,"3290","3294",,
000180603001,000180603001,1,,"3294","3290",,
000180604001,000180604001,2,300,,,,
000180103001,000180103001,2,300,,,,
000180206001,000180206001,2,300,,,,
000170612002,000170612002,2,300,,,,
000170611005,000170611005,2,300,,,,
000170611001,000170611001,2,300,,,,
000170601005,000170601005,2,300,,,,
000170601001,000170601001,2,300,,,,
000180703010,000180703010,2,300,,,,
000180701005,000180701005,2,300,,,,
000170610002,000170610002,2,300,,,,
000170609001,000170609001,2,300,,,,
000140603004,000140603004,2,300,,,,
000140603003,000140603003,2,300,,,,
000140201001,000140201001,2,300,,,,
000141203001,000141203001,2,300,,,,
000170102002,000170102002,2,300,,,,
000170104001,000170104001,2,300,,,,
000170101005,000170101005,2,300,,,,
000140701025,000140701025,2,300,,,,
000140502002,000140502002,2,300,,,,
000140502001,000140502001,2,300,,,,
000141301001,000141301001,2,300,,,,
000140501001,000140501001,2,300,,,,
000140501003,000140501003,2,300,,,,
000140501002,000140501002,2,300,,,,
000140204005,000140204005,2,300,,,,
000140502004,000140502004,2,300,,,,
000140502003,000140502003,2,300,,,,
000160101003,000160101003,2,300,,,,
000160101005,000160101005,2,300,,,,
000150804001,000150804001,2,300,,,,
000150504001,000150504001,2,300,,,,
000150506001,000150506001,2,300,,,,
000150506004,000150506004,2,300,,,,
000150605001,000150605001,2,300,,,,
000150606009,000150606009,2,300,,,,
000150601001,000150601001,2,300,,,,
000150204002,000150204002,2,300,,,,
000150803002,000150803002,2,300,,,,
000150803001,000150803001,2,300,,,,
000150902003,000150902003,2,300,,,,
000150204001,000150204001,2,300,,,,
000150206001,000150206001,2,300,,,,
000141101002,000141101002,2,300,,,,
000150901001,000150901001,2,300,,,,
000151010002,000151010002,2,180,,,,
000151010002,000151010002,1,,"3427","3604",,
000151010002,000151010002,1,,"3447","3604",,
000151010002,000151010002,1,,"3604","3427",,
000151010002,000151010002,1,,"3604","3447",,
000141101004,000141101004,2,300,,,,
000140801002,000140801002,2,300,,,,
000150301001,000150301001,2,300,,,,
000120505001,000120505001,2,300,,,,
000120501003,000120501003,2,300,,,,
000120501001,000120501001,2,300,,,,
000120504001,000120504001,2,300,,,,
000151009001,000151009001,2,300,,,,
000151004001,000151004001,2,300,,,,
000151005001,000151005001,2,300,,,,
000151003002,000151003002,2,300,,,,
000151006002,000151006002,2,300,,,,
000151006001,000151006001,2,300,,,,
000151002001,000151002001,2,300,,,,
000150505001,000150505001,2,300,,,,
000150502001,000150502001,2,300,,,,
000150502004,000150502004,2,300,,,,
000150517003,000150517003,2,300,,,,
000150512005,000150512005,2,300,,,,
000151003003,000151003003,2,300,,,,
000151003001,000151003001,2,300,,,,
000120502001,000120502001,2,300,,,,
000150501001,000150501001,2,300,,,,
000150501003,000150501003,2,300,,,,
000140801003,000140801003,2,300,,,,
000120510001,000120510001,2,300,,,,
000120503001,000120503001,2,300,,,,
000120506001,000120506001,2,300,,,,
000140702004,000140702004,2,300,,,,
000140702002,000140702002,2,300,,,,
000140702003,000140702003,2,300,,,,
000120507001,000120507001,2,300,,,,
000110402002,000110402002,2,300,,,,
000110402001,000110402001,2,300,,,,
000110404003,000110404003,2,300,,,,
000140309002,000140309002,2,300,,,,
000140307002,000140307002,2,300,,,,
000140307003,000140307003,2,300,,,,
000140307004,000140307004,2,300,,,,
000110402003,000110402003,2,300,,,,
000110404001,000110404001,2,300,,,,
000110103003,000110103003,2,300,,,,
000110103003,000110103003,1,,"2334","2411",,
000110103003,000110103003,1,,"2334","3572",,
000110103003,000110103003,1,,"2411","2334",,
000110103003,000110103003,1,,"2411","3449",,
000110103003,000110103003,1,,"2411","3572",,
000110103003,000110103003,1,,"3434","3449",,
000110103003,000110103003,1,,"3434","3451",,
000110103003,000110103003,1,,"3449","2411",,
000110103003,000110103003,1,,"3449","3434",,
000110103003,000110103003,1,,"3451","3434",,
000110103003,000110103003,1,,"3451","3572",,
000110103003,000110103003,1,,"3572","2334",,
000110103003,000110103003,1,,"3572","2411",,
000110103003,000110103003,1,,"3572","3451",,
000110103001,000110103001,2,300,,,,
000110102009,000110102009,2,300,,,,
000110102005,000110102005,2,300,,,,
000110102005,000110102005,1,,"2411","3501",,
000110102005,000110102005,1,,"3501","2411",,
000110102003,000110102003,2,300,,,,
000110102010,000110102010,2,300,,,,
000110102002,000110102002,2,300,,,,
000110401004,000110401004,2,300,,,,
000110401002,000110401002,2,300,,,,
000110403001,000110403001,2,300,,,,
000110403001,000110403001,1,,"2411","3443",,
000110403001,000110403001,1,,"2411","3501",,
000110403001,000110403001,1,,"3257","3263",,
000110403001,000110403001,1,,"3257","3443",,
000110403001,000110403001,1,,"3263","3257",,
000110403001,000110403001,1,,"3263","3433",,
000110403001,000110403001,1,,"3433","3263",,
000110403001,000110403001,1,,"3433","3443",,
000110403001,000110403001,1,,"3433","3454",,
000110403001,000110403001,1,,"3434","3274",,
000110403001,000110403001,1,,"3434","3454",,
000110403001,000110403001,1,,"3443","2411",,
000110403001,000110403001,1,,"3443","3257",,
000110403001,000110403001,1,,"3443","3433",,
000110403001,000110403001,1,,"3454","3433",,
000110403001,000110403001,1,,"3454","3434",,
000110403001,000110403001,1,,"3501","2411",,
000110402005,000110402005,2,300,,,,
000110412001,000110412001,2,300,,,,
000110412002,000110412002,2,300,,,,
000140401022,000140401022,2,300,,,,
000120910002,000120910002,2,300,,,,
000110103002,000110103002,2,300,,,,
000110112001,000110112001,2,300,,,,
000110104002,000110104002,2,300,,,,
000110118001,000110118001,2,300,,,,
000110107001,000110107001,2,300,,,,
000110108004,000110108004,2,300,,,,
000110108002,000110108002,2,300,,,,
000110409001,000110409001,2,300,,,,
000110409006,000110409006,2,300,,,,
000110409005,000110409005,2,300,,,,
000130102002,000130102002,2,300,,,,
000130203001,000130203001,2,300,,,,
000130203005,000130203005,2,300,,,,
000130203003,000130203003,2,300,,,,
000130201001,000130201001,2,300,,,,
000130210001,000130210001,2,300,,,,
000130210002,000130210002,2,300,,,,
000130203002,000130203002,2,300,,,,
000130203002,000130203002,1,,"3436","3438",,
000130203002,000130203002,1,,"3438","3436",,
000130105004,000130105004,2,300,,,,
000130104001,000130104001,2,300,,,,
000130205001,000130205001,2,300,,,,
000130203004,000130203004,2,300,,,,
000130210003,000130210003,2,300,,,,
000130207001,000130207001,2,300,,,,
000130301002,000130301002,2,300,,,,
000130101001,000130101001,2,300,,,,
000130301011,000130301011,2,300,,,,
000130301007,000130301007,2,300,,,,
000130301008,000130301008,2,300,,,,
000130301003,000130301003,2,300,,,,
000130301009,000130301009,2,300,,,,
000130301013,000130301013,2,300,,,,
000130301014,000130301014,2,300,,,,
000130301015,000130301015,2,300,,,,
000141201001,000141201001,2,300,,,,
000141202002,000141202002,2,300,,,,
000141202001,000141202001,2,300,,,,
000130206001,000130206001,2,300,,,,
000150302001,000150302001,2,300,,,,
000150507001,000150507001,2,300,,,,
000150606006,000150606006,2,300,,,,
000150603003,000150603003,2,300,,,,
000150602001,000150602001,2,300,,,,
000150506005,000150506005,2,300,,,,
000120604001,000120604001,2,300,,,,
000120601001,000120601001,2,300,,,,
000120601002,000120601002,2,300,,,,
000120603002,000120603002,2,300,,,,
000120603002,000120603002,1,,"3486","3487",,
000120603002,000120603002,1,,"3487","3486",,
000120603001,000120603001,2,300,,,,
000110407002,000110407002,2,300,,,,
000110407001,000110407001,2,300,,,,
000110411001,000110411001,2,300,,,,
000120402001,000120402001,2,300,,,,
000120404002,000120404002,2,300,,,,
000120403004,000120403004,2,300,,,,
000120403003,000120403003,2,300,,,,
000120403002,000120403002,2,300,,,,
000120406006,000120406006,2,300,,,,
000120406004,000120406004,2,300,,,,
000120407001,000120407001,2,300,,,,
000120406005,000120406005,2,300,,,,
000120404001,000120404001,2,300,,,,
000120401001,000120401001,2,300,,,,
000120513001,000120513001,2,300,,,,
000120901001,000120901001,2,300,,,,
000150501004,000150501004,2,300,,,,
000120512001,000120512001,2,300,,,,
000120511002,000120511002,2,300,,,,
000120704001,000120704001,2,300,,,,
000120705001,000120705001,2,300,,,,
000120701001,000120701001,2,300,,,,
000120101004,000120101004,2,300,,,,
000120101002,000120101002,2,300,,,,
000120101001,000120101001,2,300,,,,
000120103004,000120103004,2,300,,,,
000120707001,000120707001,2,300,,,,
000120707002,000120707002,2,300,,,,
000120708001,000120708001,2,300,,,,
000121003002,000121003002,2,300,,,,
000121006001,000121006001,2,300,,,,
000110814002,000110814002,2,300,,,,
000121007001,000121007001,2,300,,,,
000120903044,000120903044,2,300,,,,
000110110002,000110110002,2,300,,,,
000110110001,000110110001,2,300,,,,
000110812001,000110812001,2,300,,,,
000110806001,000110806001,2,300,,,,
000110808001,000110808001,2,300,,,,
000110813001,000110813001,2,300,,,,
000110824001,000110824001,2,300,,,,
000110810002,000110810002,2,300,,,,
000110810001,000110810001,2,300,,,,
000110807001,000110807001,2,300,,,,
000110809001,000110809001,2,300,,,,
000110809002,000110809002,2,300,,,,
000110811002,000110811002,2,300,,,,
000110811001,000110811001,2,300,,,,
000110820002,000110820002,2,300,,,,
000110801003,000110801003,2,300,,,,
000110801002,000110801002,2,300,,,,
000110801001,000110801001,2,300,,,,
000110805001,000110805001,2,300,,,,
000110101004,000110101004,2,300,,,,
000110101009,000110101009,2,300,,,,
000110605007,000110605007,2,300,,,,
000110605003,000110605003,2,300,,,,
000110605001,000110605001,2,300,,,,
000110605002,000110605002,2,300,,,,
000110605004,000110605004,2,300,,,,
000110604001,000110604001,2,300,,,,
000110601001,000110601001,2,300,,,,
000110601002,000110601002,2,300,,,,
000110606004,000110606004,2,300,,,,
000110606006,000110606006,2,300,,,,
000110606002,000110606002,2,300,,,,
000110606003,000110606003,2,300,,,,
000110606005,000110606005,2,300,,,,
000110802002,000110802002,2,300,,,,
000110802001,000110802001,2,300,,,,
000110802003,000110802003,2,300,,,,
000110802004,000110802004,2,300,,,,
000110821002,000110821002,2,300,,,,
000110821002,000110821002,1,,"2224","2226",,
000110821002,000110821002,1,,"2226","2224",,
000110603001,000110603001,2,300,,,,
000110607003,000110607003,2,300,,,,
000110607001,000110607001,2,300,,,,
000110607002,000110607002,2,300,,,,
000110602001,000110602001,2,300,,,,
000110703001,000110703001,2,300,,,,
000110704001,000110704001,2,300,,,,
000110702001,000110702001,2,300,,,,
000110702003,000110702003,2,300,,,,
000110807004,000110807004,2,300,,,,
000110816001,000110816001,2,300,,,,
000110803003,000110803003,2,300,,,,
000110803001,000110803001,2,300,,,,
000110705001,000110705001,2,300,,,,
000110701003,000110701003,2,300,,,,
000110701002,000110701002,2,300,,,,
000110701001,000110701001,2,300,,,,
000110701004,000110701004,2,300,,,,
000110817001,000110817001,2,300,,,,
000110804001,000110804001,2,300,,,,
000110804002,000110804002,2,300,,,,
000110807003,000110807003,2,300,,,,
000121005001,000121005001,2,300,,,,
000110101010,000110101010,2,300,,,,
000120910003,000120910003,2,300,,,,
000120910001,000120910001,2,300,,,,
000110101011,000110101011,2,300,,,,
000110114001,000110114001,2,300,,,,
000110117002,000110117002,2,300,,,,
000110117001,000110117001,2,300,,,,
000110114003,000110114003,2,300,,,,
000110101001,000110101001,2,300,,,,
000110109002,000110109002,2,300,,,,
000110406004,000110406004,2,300,,,,
000110406002,000110406002,2,300,,,,
000110102007,000110102007,2,300,,,,
000110113001,000110113001,2,300,,,,
000110405001,000110405001,2,300,,,,
000120602002,000120602002,2,300,,,,
000120602001,000120602001,2,300,,,,
000110114002,000110114002,2,300,,,,
000110812003,000110812003,2,300,,,,
000110803002,000110803002,2,300,,,,
000110605005,000110605005,2,300,,,,
000200703003,000200703003,2,300,,,,
000200703005,000200703005,2,300,,,,
000200801009,000200801009,2,300,,,,
000160102001,000160102001,2,300,,,,
000190101002,000190101002,2,300,,,,
000190101015,000190101015,2,300,,,,
000221303005,000221303005,2,300,,,,
000220301029,000220301029,2,300,,,,
000220301022,000220301022,2,300,,,,
000151010001,000151010001,2,300,,,,
000160101008,000160101008,2,300,,,,
000300000001,000300000001,2,300,,,,
000300000004,000300000004,2,300,,,,
000300000005,000300000005,2,300,,,,
000300000031,000300000031,2,300,,,,
000150106003,000150106003,2,300,,,,
000150603002,000150603002,2,300,,,,
000150203008,000150203008,2,300,,,,
000150501002,000150501002,2,300,,,,
000220301032,000220301032,2,300,,,,
000220903024,000220903024,2,300,,,,
000110812002,000110812002,2,300,,,,
000300000029,000300000029,2,300,,,,
000300000020,000300000020,2,300,,,,
000300000002,000300000002,2,300,,,,
000160202002,000160202002,2,300,,,,
000160301009,000160301009,2,300,,,,
000160301001,000160301001,2,300,,,,
000160301006,000160301006,2,300,,,,
000191103001,000191103001,2,300,,,,
000220201011,000220201011,2,300,,,,
000221303001,000221303001,2,300,,,,
000200504007,000200504007,2,300,,,,
000200504008,000200504008,2,300,,,,
000110605006,000110605006,2,300,,,,
000120605001,000120605001,2,300,,,,
000110113002,000110113002,2,300,,,,
000110115001,000110115001,2,300,,,,
000110407004,000110407004,2,300,,,,
000110102006,000110102006,2,300,,,,
000120902002,000120902002,2,300,,,,
000120902001,000120902001,2,300,,,,
000120902003,000120902003,2,300,,,,
000120904003,000120904003,2,300,,,,
000120904002,000120904002,2,300,,,,
000120903002,000120903002,2,300,,,,
000121005002,000121005002,2,300,,,,
000121004001,000121004001,2,300,,,,
000110722004,000110722004,2,300,,,,
000120905002,000120905002,2,300,,,,
000120911001,000120911001,2,300,,,,
000110604002,000110604002,2,300,,,,
000110101008,000110101008,2,300,,,,
000110818003,000110818003,2,300,,,,
000110818003,000110818003,1,,"3492","3492",,
000110818003,000110818003,1,,"3492","3904",,
000110818003,000110818003,1,,"3904","3492",,
000110818003,000110818003,1,,"3904","3904",,
000110820001,000110820001,2,300,,,,
000110801004,000110801004,2,300,,,,
000110815001,000110815001,2,300,,,,
000121003001,000121003001,2,300,,,,
000121001001,000121001001,2,300,,,,
000121006002,000121006002,2,300,,,,
000121002001,000121002001,2,300,,,,
000120101003,000120101003,2,300,,,,
000120703002,000120703002,2,300,,,,
000120709001,000120709001,2,300,,,,
000120707003,000120707003,2,300,,,,
000120103003,000120103003,2,300,,,,
000120102001,000120102001,2,300,,,,
000120102002,000120102002,2,300,,,,
000120901003,000120901003,2,300,,,,
000120901002,000120901002,2,300,,,,
000120903023,000120903023,2,300,,,,
000120401002,000120401002,2,300,,,,
000120407003,000120407003,2,300,,,,
000120407002,000120407002,2,300,,,,
000120403001,000120403001,2,300,,,,
000120404003,000120404003,2,300,,,,
000120402002,000120402002,2,300,,,,
000150506002,000150506002,2,300,,,,
000150512004,000150512004,2,300,,,,
000150305001,000150305001,2,300,,,,
000150511001,000150511001,2,300,,,,
000150511003,000150511003,2,300,,,,
000150507003,000150507003,2,300,,,,
000150304001,000150304001,2,300,,,,
000141203003,000141203003,2,300,,,,
000110406003,000110406003,2,300,,,,
000130106004,000130106004,2,300,,,,
000130301004,000130301004,2,300,,,,
000130301005,000130301005,2,300,,,,
000130201002,000130201002,2,300,,,,
000130102001,000130102001,2,300,,,,
000130103001,000130103001,2,300,,,,
000130107003,000130107003,2,300,,,,
000130105001,000130105001,2,300,,,,
000140303002,000140303002,2,300,,,,
000140306002,000140306002,2,300,,,,
000110412003,000110412003,2,300,,,,
000110403002,000110403002,2,300,,,,
000110102008,000110102008,2,300,,,,
000110102004,000110102004,2,300,,,,
000110413001,000110413001,2,300,,,,
000110413002,000110413002,2,300,,,,
000110402006,000110402006,2,300,,,,
000140602007,000140602007,2,300,,,,
000140602005,000140602005,2,300,,,,
000140602005,000140602005,1,,"3432","3432",,
000140602004,000140602004,2,300,,,,
000140301003,000140301003,2,300,,,,
000140306001,000140306001,2,300,,,,
000140304001,000140304001,2,300,,,,
000140309001,000140309001,2,300,,,,
000110404002,000110404002,2,300,,,,
000140301002,000140301002,2,300,,,,
000140601002,000140601002,2,300,,,,
000140301001,000140301001,2,300,,,,
000140702001,000140702001,2,300,,,,
000140308001,000140308001,2,300,,,,
000140305001,000140305001,2,300,,,,
000120508002,000120508002,2,300,,,,
000120508002,000120508002,1,,"2330","2961",,
000120508002,000120508002,1,,"2961","2330",,
000120511001,000120511001,2,300,,,,
000120509001,000120509001,2,300,,,,
000150510001,000150510001,2,300,,,,
000150511005,000150511005,2,300,,,,
000150503001,000150503001,2,300,,,,
000140801001,000140801001,2,300,,,,
000150509001,000150509001,2,300,,,,
000150513001,000150513001,2,300,,,,
000150502002,000150502002,2,300,,,,
000150502005,000150502005,2,300,,,,
000150511002,000150511002,2,300,,,,
000150107001,000150107001,2,300,,,,
000140701008,000140701008,2,300,,,,
000140801004,000140801004,2,300,,,,
000140802001,000140802001,2,300,,,,
000140802002,000140802002,2,300,,,,
000150203002,000150203002,2,300,,,,
000150203005,000150203005,2,300,,,,
000150605002,000150605002,2,300,,,,
000150605002,000150605002,1,,"2073","3424",,
000150605002,000150605002,1,,"3424","2073",,
000150508002,000150508002,2,300,,,,
000150508001,000150508001,2,300,,,,
000160301003,000160301003,2,300,,,,
000160201002,000160201002,2,300,,,,
000150104001,000150104001,2,300,,,,
000150101003,000150101003,2,300,,,,
000180106006,000180106006,2,300,,,,
000140505002,000140505002,2,300,,,,
000140602006,000140602006,2,300,,,,
000140602001,000140602001,2,300,,,,
000140602008,000140602008,2,300,,,,
000140701009,000140701009,2,300,,,,
000141203006,000141203006,2,300,,,,
000141204002,000141204002,2,300,,,,
000140204001,000140204001,2,300,,,,
000140204003,000140204003,2,300,,,,
000140201004,000140201004,2,300,,,,
000170605002,000170605002,2,300,,,,
000170601003,000170601003,2,300,,,,
000170610003,000170610003,2,300,,,,
000170611002,000170611002,2,300,,,,
000170604002,000170604002,2,300,,,,
000170607001,000170607001,2,300,,,,
000170501014,000170501014,2,300,,,,
000180210006,000180210006,2,300,,,,
000180203001,000180203001,2,300,,,,
000180106004,000180106004,2,300,,,,
000180401004,000180401004,2,300,,,,
000140701026,000140701026,2,300,,,,
000161001002,000161001002,2,300,,,,
000160201004,000160201004,2,300,,,,
000150704002,000150704002,2,300,,,,
000160202001,000160202001,2,300,,,,
000160202003,000160202003,2,300,,,,
000160203002,000160203002,2,300,,,,
000160907001,000160907001,2,300,,,,
000160907003,000160907003,2,300,,,,
000160907002,000160907002,2,300,,,,
000160907005,000160907005,2,300,,,,
000160403001,000160403001,2,300,,,,
000170302003,000170302003,2,300,,,,
000170302002,000170302002,2,300,,,,
000161001005,000161001005,2,300,,,,
000161001003,000161001003,2,300,,,,
000160904014,000160904014,2,300,,,,
000220903006,000220903006,2,300,,,,
000400000028,000400000028,2,300,,,,
000400000025,000400000025,2,300,,,,
000400000027,000400000027,2,300,,,,
000400000026,000400000026,2,300,,,,
000400000034,000400000034,2,300,,,,
000400000031,000400000031,2,300,,,,
000400000038,000400000038,2,300,,,,
000400000041,000400000041,2,300,,,,
000400000021,000400000021,2,300,,,,
000400000019,000400000019,2,300,,,,
000400000017,000400000017,2,300,,,,
000400000016,000400000016,2,300,,,,
000400000020,000400000020,2,300,,,,
000400000078,000400000078,2,300,,,,
000400000081,000400000081,2,300,,,,
000400000082,000400000082,2,300,,,,
000400000079,000400000079,2,300,,,,
000400000080,000400000080,2,300,,,,
000400000042,000400000042,2,300,,,,
000400000037,000400000037,2,300,,,,
000400000029,000400000029,2,300,,,,
000400000039,000400000039,2,300,,,,
000400000032,000400000032,2,300,,,,
000400000040,000400000040,2,300,,,,
000400000030,000400000030,2,300,,,,
000400000036,000400000036,2,300,,,,
000400000033,000400000033,2,300,,,,
000400000051,000400000051,2,300,,,,
000400000052,000400000052,2,300,,,,
000400000050,000400000050,2,300,,,,
000400000049,000400000049,2,300,,,,
000400000088,000400000088,2,300,,,,
000400000087,000400000087,2,300,,,,
000220901010,000220901010,2,300,,,,
000220903017,000220903017,2,300,,,,
000220903025,000220903025,2,300,,,,
000220903005,000220903005,2,300,,,,
000220902013,000220902013,2,300,,,,
000220204001,000220204001,2,300,,,,
000190302001,000190302001,2,300,,,,
000220902011,000220902011,2,300,,,,
000220902005,000220902005,2,300,,,,
000400000054,000400000054,2,300,,,,
000220902014,000220902014,2,300,,,,
000220902006,000220902006,2,300,,,,
000220902017,000220902017,2,300,,,,
000220902002,000220902002,2,300,,,,
000220902010,000220902010,2,300,,,,
000300000014,000300000014,2,300,,,,
000300000010,000300000010,2,300,,,,
000300000007,000300000007,2,300,,,,
000300000008,000300000008,2,300,,,,
000300000019,000300000019,2,300,,,,
000300000018,000300000018,2,300,,,,
000220402070,000220402070,2,300,,,,
000400000075,000400000075,2,300,,,,
000220402050,000220402050,2,300,,,,
000220402018,000220402018,2,300,,,,
000220402100,000220402100,2,300,,,,
000220402071,000220402071,2,300,,,,
000220804003,000220804003,2,300,,,,
000220301034,000220301034,2,300,,,,
000220301034,000220301034,1,,"3480","3481",,
000220301034,000220301034,1,,"3481","3480",,
000220104003,000220104003,2,300,,,,
000221401004,000221401004,2,300,,,,
000221401005,000221401005,2,300,,,,
000220102004,000220102004,2,300,,,,
000220102008,000220102008,2,300,,,,
000160101002,000160101002,2,300,,,,
000160904005,000160904005,2,300,,,,
000141101006,000141101006,2,300,,,,
000160803002,000160803002,2,300,,,,
000160803001,000160803001,2,300,,,,
000160702003,000160702003,2,300,,,,
000160902003,000160902003,2,300,,,,
000160904001,000160904001,2,300,,,,
000160904001,000160904001,1,,"3377","3417",,
000160904001,000160904001,1,,"3417","3377",,
000160805002,000160805002,2,300,,,,
000201003004,000201003004,2,300,,,,
000201003002,000201003002,2,300,,,,
000200802005,000200802005,2,300,,,,
000200801001,000200801001,2,300,,,,
000201001001,000201001001,2,300,,,,
000201001003,000201001003,2,300,,,,
000201001002,000201001002,2,300,,,,
000200402001,000200402001,2,300,,,,
000200402002,000200402002,2,300,,,,
000200402005,000200402005,2,300,,,,
000200409007,000200409007,2,300,,,,
000200410004,000200410004,2,300,,,,
000200425003,000200425003,2,300,,,,
000200425010,000200425010,2,300,,,,
000200401001,000200401001,2,300,,,,
000190802005,000190802005,2,300,,,,
000190507001,000190507001,2,300,,,,
000150203001,000150203001,2,300,,,,
000150203006,000150203006,2,300,,,,
000150203004,000150203004,2,300,,,,
000150203003,000150203003,2,300,,,,
000200425006,000200425006,2,300,,,,
000190601001,000190601001,2,300,,,,
000190601002,000190601002,2,300,,,,
000150705002,000150705002,2,300,,,,
000150106004,000150106004,2,300,,,,
000150106002,000150106002,2,300,,,,
000190602003,000190602003,2,300,,,,
000190602002,000190602002,2,300,,,,
000190604001,000190604001,2,300,,,,
000190603001,000190603001,2,300,,,,
000190606001,000190606001,2,300,,,,
000150105001,000150105001,2,300,,,,
000190502005,000190502005,2,300,,,,
000150102001,000150102001,2,300,,,,
000150102002,000150102002,2,300,,,,
000150103002,000150103002,2,300,,,,
000191102002,000191102002,2,300,,,,
000190903003,000190903003,2,300,,,,
000190902001,000190902001,2,300,,,,
000190402002,000190402002,2,300,,,,
000190402001,000190402001,2,300,,,,
000190401001,000190401001,2,300,,,,
000190403001,000190403001,2,300,,,,
000190403001,000190403001,1,,"3233","3338",,
000190403001,000190403001,1,,"3233","3367",,
000190403001,000190403001,1,,"3338","3233",,
000190403001,000190403001,1,,"3367","3233",,
000190104003,000190104003,2,300,,,,
000190104006,000190104006,2,300,,,,
000200420007,000200420007,2,300,,,,
000200403012,000200403012,2,300,,,,
000200407003,000200407003,2,300,,,,
000200407001,000200407001,2,300,,,,
000200407002,000200407002,2,300,,,,
000200403018,000200403018,2,300,,,,
000200901020,000200901020,2,300,,,,
000190903001,000190903001,2,300,,,,
000190901002,000190901002,2,300,,,,
000190901003,000190901003,2,300,,,,
000190901005,000190901005,2,300,,,,
000220902016,000220902016,2,300,,,,
000300000009,000300000009,2,300,,,,
000300000011,000300000011,2,300,,,,
000300000043,000300000043,2,300,,,,
000300000045,000300000045,2,300,,,,
000190303006,000190303006,2,300,,,,
000190101012,000190101012,2,300,,,,
000190102001,000190102001,2,300,,,,
000190101018,000190101018,2,300,,,,
000220902001,000220902001,2,300,,,,
000220203001,000220203001,2,300,,,,
000220203012,000220203012,2,300,,,,
000220902015,000220902015,2,300,,,,
000220902009,000220902009,2,300,,,,
000220902004,000220902004,2,300,,,,
000220902019,000220902019,2,300,,,,
000200407004,000200407004,2,300,,,,
000200407007,000200407007,2,300,,,,
000220701007,000220701007,2,300,,,,
000220701015,000220701015,2,300,,,,
000220702001,000220702001,2,300,,,,
000221004003,000221004003,2,300,,,,
000200102003,000200102003,2,300,,,,
000200102004,000200102004,2,300,,,,
000220701004,000220701004,2,300,,,,
000220803001,000220803001,2,300,,,,
000200415003,000200415003,2,300,,,,
000220402020,000220402020,2,300,,,,
000221301013,000221301013,2,300,,,,
000221304010,000221304010,2,300,,,,
000221304003,000221304003,2,300,,,,
000221304009,000221304009,2,300,,,,
000220204006,000220204006,2,300,,,,
000200415005,000200415005,2,300,,,,
000221301022,000221301022,2,300,,,,
000220204005,000220204005,2,300,,,,
000220701011,000220701011,2,300,,,,
000220103002,000220103002,2,300,,,,
000221201013,000221201013,2,300,,,,
000220601001,000220601001,2,300,,,,
000220602007,000220602007,2,300,,,,
000220602001,000220602001,2,300,,,,
000220602005,000220602005,2,300,,,,
000221201008,000221201008,2,300,,,,
000221201010,000221201010,2,300,,,,
000221201017,000221201017,2,300,,,,
000400000067,000400000067,2,300,,,,
000200302003,000200302003,2,300,,,,
000220102009,000220102009,2,300,,,,
000221105003,000221105003,2,300,,,,
000221106005,000221106005,2,300,,,,
000221106003,000221106003,2,300,,,,
000201103003,000201103003,2,300,,,,
000201103002,000201103002,2,300,,,,
000210605002,000210605002,2,300,,,,
000210604002,000210604002,2,300,,,,
000210602001,000210602001,2,300,,,,
000210601001,000210601001,2,300,,,,
000210103003,000210103003,2,300,,,,
000210103001,000210103001,2,300,,,,
000210503007,000210503007,2,300,,,,
000220502004,000220502004,2,300,,,,
000220501001,000220501001,2,300,,,,
000210503001,000210503001,2,300,,,,
000200417015,000200417015,2,300,,,,
000201103001,000201103001,2,300,,,,
000220502005,000220502005,2,300,,,,
000201102002,000201102002,2,300,,,,
000201102001,000201102001,2,300,,,,
000210301003,000210301003,2,300,,,,
000210302001,000210302001,2,300,,,,
000200201007,000200201007,2,300,,,,
000200201004,000200201004,2,300,,,,
000200205001,000200205001,2,300,,,,
000200203005,000200203005,2,300,,,,
000210701001,000210701001,2,300,,,,
000210106001,000210106001,2,300,,,,
000210108001,000210108001,2,300,,,,
000210107001,000210107001,2,300,,,,
000210109001,000210109001,2,300,,,,
000210102001,000210102001,2,300,,,,
000200404030,000200404030,2,300,,,,
000200204003,000200204003,2,300,,,,
000180801003,000180801003,2,300,,,,
000200408002,000200408002,2,300,,,,
000200701004,000200701004,2,300,,,,
000151010003,000151010003,2,300,,,,
000200702003,000200702003,2,300,,,,
000200508010,000200508010,2,300,,,,
000200701005,000200701005,2,300,,,,
000180301002,000180301002,2,300,,,,
000180304002,000180304002,2,300,,,,
000180304001,000180304001,2,300,,,,
000210401003,000210401003,2,300,,,,
000180401003,000180401003,2,300,,,,
000180401003,000180401003,1,,"2427","2760",,
000180401003,000180401003,1,,"2620","2760",,
000180401003,000180401003,1,,"2760","2427",,
000180401003,000180401003,1,,"2760","2620",,
000180401003,000180401003,1,,"2760","3281",,
000180401003,000180401003,1,,"2760","3530",,
000180401003,000180401003,1,,"3281","2760",,
000180401003,000180401003,1,,"3281","3291",,
000180401003,000180401003,1,,"3283","3291",,
000180401003,000180401003,1,,"3291","3283",,
000180401003,000180401003,1,,"3530","2760",,
000180401005,000180401005,2,300,,,,
000180106003,000180106003,2,300,,,,
000180106005,000180106005,2,300,,,,
000180106001,000180106001,2,300,,,,
000180106001,000180106001,1,,"2760","3409",,
000180106001,000180106001,1,,"3200","3275",,
000180106001,000180106001,1,,"3275","3200",,
000180106001,000180106001,1,,"3275","3284",,
000180106001,000180106001,1,,"3284","3275",,
000180106001,000180106001,1,,"3409","2760",,
000180105001,000180105001,2,300,,,,
000200504004,000200504004,2,300,,,,
000200701003,000200701003,2,300,,,,
000200701002,000200701002,2,300,,,,
000200503002,000200503002,2,300,,,,
000200503003,000200503003,2,300,,,,
000200508008,000200508008,2,300,,,,
000200506004,000200506004,2,300,,,,
000200503001,000200503001,2,300,,,,
000180703005,000180703005,2,300,,,,
000500000029,000500000029,2,300,,,,
000180506001,000180506001,2,300,,,,
000170203001,000170203001,2,300,,,,
000180205002,000180205002,2,300,,,,
000170202003,000170202003,2,300,,,,
000170202005,000170202005,2,300,,,,
000170301001,000170301001,2,300,,,,
000170204001,000170204001,2,300,,,,
000170402003,000170402003,2,300,,,,
000170403003,000170403003,2,300,,,,
000170403005,000170403005,2,300,,,,
000170405005,000170405005,2,300,,,,
000170401001,000170401001,2,300,,,,
000160501001,000160501001,2,300,,,,
000160501003,000160501003,2,300,,,,
000170802001,000170802001,2,300,,,,
000200419009,000200419009,2,300,,,,
000140701001,000140701001,2,300,,,,
000140603002,000140603002,2,300,,,,
000200409006,000200409006,2,300,,,,
000160802003,000160802003,2,300,,,,
000180503001,000180503001,2,300,,,,
000160602001,000160602001,2,300,,,,
000110819001,000110819001,2,300,,,,
000110814001,000110814001,2,300,,,,
000150106005,000150106005,2,300,,,,
000190802001,000190802001,2,300,,,,
000200204002,000200204002,2,300,,,,
000220402019,000220402019,2,300,,,,
000110606001,000110606001,2,300,,,,
000120903039,000120903039,2,300,,,,
000200417031,000200417031,1,,,,,
000200417014,000200417014,1,,,,,
000180703004,000180703004,2,300,,,,
000150804002,000150804002,2,300,,,,
000220902003,000220902003,2,300,,,,
000210803006,000210803006,2,300,,,,
000170201004,000170201004,2,300,,,,
000140503003,000140503003,2,300,,,,
000170804001,000170804001,2,300,,,,
000140506001,000140506001,2,300,,,,
000170206002,000170206002,2,300,,,,
000170206001,000170206001,2,300,,,,
000180508002,000180508002,2,300,,,,
000200507003,000200507003,2,300,,,,
000180804004,000180804004,2,300,,,,
000180804001,000180804001,2,300,,,,
000180804003,000180804003,2,300,,,,
000210802001,000210802001,2,300,,,,
000200601007,000200601007,2,300,,,,
000180805006,000180805006,2,300,,,,
000180805007,000180805007,2,300,,,,
000200202001,000200202001,2,300,,,,
000200303005,000200303005,2,300,,,,
000210303001,000210303001,2,300,,,,
000210609002,000210609002,2,300,,,,
000210502001,000210502001,2,300,,,,
000210503006,000210503006,2,300,,,,
000210503003,000210503003,2,300,,,,
000210503003,000210503003,1,,"3038","3208",,
000210503003,000210503003,1,,"3038","3209",,
000210503003,000210503003,1,,"3038","3360",,
000210503003,000210503003,1,,"3208","3038",,
000210503003,000210503003,1,,"3209","3038",,
000210503003,000210503003,1,,"3325","3360",,
000210503003,000210503003,1,,"3360","3038",,
000210503003,000210503003,1,,"3360","3325",,
000210503003,000210503003,1,,"3360","3360",,
000210503003,000210503003,1,,"3360","3672",,
000210503003,000210503003,1,,"3360","3956",,
000210503003,000210503003,1,,"3672","3360",,
000210503003,000210503003,1,,"3956","3360",,
000210503005,000210503005,2,300,,,,
000210501003,000210501003,2,300,,,,
000210501001,000210501001,2,300,,,,
000210502002,000210502002,2,300,,,,
000210603001,000210603001,2,300,,,,
000201103005,000201103005,2,300,,,,
000220701003,000220701003,2,300,,,,
000221304005,000221304005,2,300,,,,
000220402097,000220402097,2,300,,,,
000220402049,000220402049,2,300,,,,
000220402066,000220402066,2,300,,,,
000220803011,000220803011,2,300,,,,
000220803006,000220803006,2,300,,,,
000221302006,000221302006,2,300,,,,
000190101005,000190101005,2,300,,,,
000190301003,000190301003,2,300,,,,
000190903013,000190903013,2,300,,,,
000190401002,000190401002,2,300,,,,
000190402005,000190402005,2,300,,,,
000191102001,000191102001,2,300,,,,
000150107002,000150107002,2,300,,,,
000190605001,000190605001,2,300,,,,
000220503002,000220503002,2,300,,,,
000220105004,000220105004,2,300,,,,
000400000074,000400000074,2,300,,,,
000400000073,000400000073,2,300,,,,
000220402009,000220402009,2,300,,,,
000220402032,000220402032,2,300,,,,
000190404003,000190404003,2,300,,,,
000190903011,000190903011,2,300,,,,
000400000086,000400000086,2,300,,,,
000160906002,000160906002,2,300,,,,
000180210001,000180210001,2,300,,,,
000180701001,000180701001,2,300,,,,
000120502002,000120502002,2,300,,,,
000150515003,000150515003,2,300,,,,
000150515002,000150515002,2,300,,,,
000140310001,000140310001,2,300,,,,
000140310002,000140310002,2,300,,,,
000140601001,000140601001,2,300,,,,
000140309004,000140309004,2,300,,,,
000110111001,000110111001,2,300,,,,
000130104003,000130104003,2,300,,,,
000130106002,000130106002,2,300,,,,
000120606001,000120606001,2,300,,,,
000120606001,000120606001,1,,"3260","3573",,
000120606001,000120606001,1,,"3573","3260",,
000120903021,000120903021,2,300,,,,
000120903011,000120903011,2,300,,,,
000120903006,000120903006,2,300,,,,
000120903005,000120903005,2,300,,,,
000120903019,000120903019,2,300,,,,
000120903018,000120903018,2,300,,,,
000121008001,000121008001,2,300,,,,
000121009002,000121009002,2,300,,,,
000121009001,000121009001,2,300,,,,
000110821001,000110821001,2,300,,,,
000110807002,000110807002,2,300,,,,
000110707011,000110707011,2,300,,,,
000110702002,000110702002,2,300,,,,
000110706002,000110706002,2,300,,,,
000110706008,000110706008,2,300,,,,
000110706007,000110706007,2,300,,,,
000110706005,000110706005,2,300,,,,
000110706006,000110706006,2,300,,,,
000120706001,000120706001,2,300,,,,
000110105002,000110105002,2,300,,,,
000110105001,000110105001,2,300,,,,
000110105003,000110105003,2,300,,,,
000120606002,000120606002,2,300,,,,
000110402007,000110402007,2,300,,,,
000120903041,000120903041,2,300,,,,
000120903010,000120903010,2,300,,,,
000120903008,000120903008,2,300,,,,
000120903035,000120903035,2,300,,,,
000120903031,000120903031,2,300,,,,
000110706001,000110706001,2,300,,,,
000160301005,000160301005,2,300,,,,
000220402055,000220402055,2,300,,,,
000220402048,000220402048,2,300,,,,
000210503002,000210503002,2,300,,,,
000160201003,000160201003,2,300,,,,
000110823002,000110823002,2,300,,,,
000110706004,000110706004,2,300,,,,
000110818004,000110818004,2,300,,,,
000140401010,000140401010,2,300,,,,
000161005001,000161005001,2,300,,,,
000161003001,000161003001,2,300,,,,
000160807002,000160807002,2,300,,,,
000190602005,000190602005,2,300,,,,
000220701006,000220701006,2,300,,,,
000500000088,000500000088,2,300,,,,
000200501001,000200501001,2,300,,,,
000200501003,000200501003,2,300,,,,
000170601002,000170601002,2,300,,,,
000150205001,000150205001,2,300,,,,
000160201006,000160201006,2,300,,,,
000220701001,000220701001,2,300,,,,
000200505002,000200505002,2,300,,,,
000140401003,000140401003,2,300,,,,
000150510002,000150510002,2,300,,,,
000150506003,000150506003,2,300,,,,
000160907004,000160907004,2,300,,,,
000210602004,000210602004,2,300,,,,
000200417034,000200417034,2,300,,,,
000200705007,000200705007,2,300,,,,
000500000053,000500000053,2,300,,,,
000500000075,000500000075,2,300,,,,
000500000086,000500000086,2,300,,,,
000150515001,000150515001,2,300,,,,
000180106002,000180106002,2,300,,,,
000160805001,000160805001,2,300,,,,
000160807001,000160807001,2,300,,,,
000160802002,000160802002,2,300,,,,
000180511001,000180511001,2,300,,,,
000180401014,000180401014,2,300,,,,
000141203004,000141203004,2,300,,,,
000210109004,000210109004,2,300,,,,
000110707010,000110707010,2,300,,,,
000110706003,000110706003,2,300,,,,
000120501002,000120501002,2,300,,,,
000170805001,000170805001,2,300,,,,
000500104065,000500104065,2,300,,,,
000210302002,000210302002,2,300,,,,
000180802005,000180802005,2,300,,,,
000180803002,000180803002,2,300,,,,
000300000006,000300000006,2,300,,,,
000110401001,000110401001,2,300,,,,
000120405001,000120405001,2,300,,,,
000120513002,000120513002,2,300,,,,
000110403003,000110403003,2,300,,,,
000121006003,000121006003,2,300,,,,
000300000027,000300000027,2,300,,,,
000300000023,000300000023,2,300,,,,
000160701003,000160701003,2,300,,,,
000160701001,000160701001,2,300,,,,
000160701002,000160701002,2,300,,,,
000150202001,000150202001,2,300,,,,
000150303001,000150303001,2,300,,,,
000190302004,000190302004,2,300,,,,
000160101009,000160101009,2,300,,,,
000110102001,000110102001,2,300,,,,
000160205002,000160205002,2,300,,,,
000190304002,000190304002,2,300,,,,
000500000051,000500000051,2,300,,,,
000170201001,000170201001,2,300,,,,
000170201002,000170201002,2,300,,,,
000120903038,000120903038,2,300,,,,
000140501005,000140501005,2,300,,,,
000220102010,000220102010,2,300,,,,
000400000014,000400000014,2,300,,,,
000400000015,000400000015,2,300,,,,
000400000092,000400000092,2,300,,,,
000150902007,000150902007,2,300,,,,
000150607002,000150607002,2,300,,,,
000210605004,000210605004,2,300,,,,
000220502001,000220502001,2,300,,,,
000200507002,000200507002,2,300,,,,
000180511004,000180511004,2,300,,,,
000300000003,000300000003,2,300,,,,
000190101011,000190101011,2,300,,,,
000221301002,000221301002,2,300,,,,
000220401001,000220401001,2,300,,,,
000200101007,000200101007,2,300,,,,
000190901001,000190901001,2,300,,,,
000110101002,000110101002,2,300,,,,
000110101002,000110101002,1,,"2224","3433",,
000110101002,000110101002,1,,"3433","2224",,
000220201021,000220201021,2,300,,,,
000190301004,000190301004,2,300,,,,
000220301012,000220301012,2,300,,,,
000220301015,000220301015,2,300,,,,
000300000032,000300000032,2,300,,,,
000500000019,000500000019,2,300,,,,
000500000028,000500000028,2,300,,,,
000220901002,000220901002,2,300,,,,
000220701005,000220701005,2,300,,,,
000400000035,000400000035,2,300,,,,
000190903008,000190903008,2,300,,,,
000140307001,000140307001,2,300,,,,
000120913002,000120913002,2,300,,,,
000500000070,000500000070,2,300,,,,
000200601013,000200601013,2,300,,,,
000221401002,000221401002,2,300,,,,
000500000084,000500000084,2,300,,,,
000400000095,000400000095,2,300,,,,
000221301009,000221301009,2,300,,,,
000220801004,000220801004,2,300,,,,
000130202001,000130202001,2,300,,,,
000160802004,000160802004,2,300,,,,
000160205003,000160205003,2,300,,,,
000220203007,000220203007,2,300,,,,
000220204002,000220204002,2,300,,,,
000160204002,000160204002,2,300,,,,
000200705001,000200705001,2,300,,,,
000221304013,000221304013,2,300,,,,
000221301004,000221301004,2,300,,,,
000221301014,000221301014,2,300,,,,
000221301015,000221301015,2,300,,,,
000221301016,000221301016,2,300,,,,
000220201053,000220201053,2,300,,,,
000220903015,000220903015,2,300,,,,
000220301047,000220301047,2,300,,,,
000220402007,000220402007,2,300,,,,
000220402059,000220402059,2,300,,,,
000220402072,000220402072,2,300,,,,
000220402077,000220402077,2,300,,,,
000220402108,000220402108,2,300,,,,
000220402109,000220402109,2,300,,,,
000220803010,000220803010,2,300,,,,
000220803022,000220803022,2,300,,,,
000220803025,000220803025,2,300,,,,
000221304006,000221304006,2,300,,,,
000221304011,000221304011,2,300,,,,
000221304014,000221304014,2,300,,,,
000150606005,000150606005,2,300,,,,
000220901004,000220901004,2,300,,,,
000160603001,000160603001,2,300,,,,
000220102011,000220102011,2,300,,,,
000220102011,000220102011,1,,"3218","3479",,
000220102011,000220102011,1,,"3218","3480",,
000220102011,000220102011,1,,"3479","3218",,
000220102011,000220102011,1,,"3480","3218",,
000200201002,000200201002,2,300,,,,
000200201005,000200201005,2,300,,,,
000120903003,000120903003,2,300,,,,
000500000039,000500000039,2,300,,,,
000500000037,000500000037,2,300,,,,
000500000031,000500000031,2,300,,,,
000500000032,000500000032,2,300,,,,
000500000030,000500000030,2,300,,,,
000120903036,000120903036,2,300,,,,
000120903001,000120903001,2,300,,,,
000220804009,000220804009,2,300,,,,
000220801007,000220801007,2,300,,,,
000400000011,000400000011,2,300,,,,
000400000007,000400000007,2,300,,,,
000400000083,000400000083,2,300,,,,
000200406014,000200406014,2,300,,,,
000200412013,000200412013,2,300,,,,
000200417029,000200417029,1,,,,,
000200406006,000200406006,2,300,,,,
000200407005,000200407005,2,300,,,,
000200417023,000200417023,2,300,,,,
000200417033,000200417033,2,300,,,,
000200412018,000200412018,2,300,,,,
000200417002,000200417002,2,300,,,,
000120703001,000120703001,2,300,,,,
000200410001,000200410001,2,300,,,,
000170202001,000170202001,2,300,,,,
000120508001,000120508001,2,300,,,,
000210401007,000210401007,2,300,,,,
000221401007,000221401007,2,300,,,,
000150507002,000150507002,2,300,,,,
000220402096,000220402096,2,300,,,,
000200505004,000200505004,2,300,,,,
000200506002,000200506002,2,300,,,,
000200506005,000200506005,2,300,,,,
000210701017,000210701017,2,300,,,,
000210103002,000210103002,2,300,,,,
000210604003,000210604003,2,300,,,,
000190402004,000190402004,2,300,,,,
000500000077,000500000077,2,300,,,,
000191104001,000191104001,2,300,,,,
000140501004,000140501004,2,300,,,,
000500104064,000500104064,2,300,,,,
000200602002,000200602002,2,300,,,,
000160206004,000160206004,2,300,,,,
000220402060,000220402060,2,300,,,,
000220102007,000220102007,2,300,,,,
000220105001,000220105001,2,300,,,,
000110108003,000110108003,2,300,,,,
000110108001,000110108001,2,300,,,,
000500000055,000500000055,2,300,,,,
000500000056,000500000056,2,300,,,,
000220702002,000220702002,2,300,,,,
000200409012,000200409012,2,300,,,,
000220803027,000220803027,2,300,,,,
000220804016,000220804016,2,300,,,,
000220402116,000220402116,2,300,,,,
000220402117,000220402117,2,300,,,,
000220402221,000220402221,2,300,,,,
000400000099,000400000099,2,300,,,,
000400000100,000400000100,2,300,,,,
000400000102,000400000102,2,300,,,,
000400000103,000400000103,2,300,,,,
000180401009,000180401009,2,300,,,,
000221401011,000221401011,2,300,,,,
000180703006,000180703006,2,300,,,,
000220402123,000220402123,2,300,,,,
000220803028,000220803028,2,300,,,,
000400000101,000400000101,2,300,,,,
000220601020,000220601020,2,300,,,,
000200414009,000200414009,2,300,,,,
000130104002,000130104002,2,300,,,,
000120502003,000120502003,2,300,,,,
000110109003,000110109003,2,300,,,,
000190703004,000190703004,2,300,,,,
000220102012,000220102012,2,300,,,,
000300000062,000300000062,2,300,,,,
000300000050,000300000050,2,300,,,,
000300000051,000300000051,2,300,,,,
000300000055,000300000055,2,300,,,,
000300000053,000300000053,2,300,,,,
000300000056,000300000056,2,300,,,,
000300000054,000300000054,2,300,,,,
000300000059,000300000059,2,300,,,,
000300000057,000300000057,2,300,,,,
000300000061,000300000061,2,300,,,,
000300000060,000300000060,2,300,,,,
000300000052,000300000052,2,300,,,,
000141301007,000141301007,2,300,,,,
000110705002,000110705002,2,300,,,,
000110104003,000110104003,2,300,,,,
000210503009,000210503009,2,300,,,,
000210503010,000210503010,2,300,,,,
000210503011,000210503011,2,300,,,,
000190101022,000190101022,2,300,,,,
000190102005,000190102005,2,300,,,,
000140206001,000140206001,2,300,,,,
000180106007,000180106007,2,300,,,,
000140304003,000140304003,2,300,,,,
000220102015,000220102015,2,300,,,,
000220102016,000220102016,2,300,,,,
000220102017,000220102017,2,300,,,,
000140602002,000140602002,2,300,,,,
000140701042,000140701042,2,300,,,,
000140701044,000140701044,2,300,,,,
000140701045,000140701045,2,300,,,,
000180302003,000180302003,2,300,,,,
000220102013,000220102013,2,300,,,,
000200601012,000200601012,2,300,,,,
000200503013,000200503013,2,300,,,,
000160904007,000160904007,2,300,,,,
000190603002,000190603002,2,300,,,,
000221301026,000221301026,2,300,,,,
000500000095,000500000095,2,300,,,,
000500000096,000500000096,2,300,,,,
000170402007,000170402007,2,300,,,,
000170803003,000170803003,2,300,,,,
000150502006,000150502006,2,300,,,,
000150502007,000150502007,2,300,,,,
000201101003,000201101003,2,300,,,,
000150501005,000150501005,2,300,,,,
000200508012,000200508012,2,300,,,,
000200101021,000200101021,2,300,,,,
000190903015,000190903015,2,300,,,,
000200304014,000200304014,2,300,,,,
000220203013,000220203013,2,300,,,,
000160301011,000160301011,2,300,,,,
000161003003,000161003003,2,300,,,,
000180803005,000180803005,2,300,,,,
000140702005,000140702005,2,300,,,,
000150512006,000150512006,2,300,,,,
000150512006,000150512006,1,,"2073","3237",,
000150512006,000150512006,1,,"2073","3428",,
000150512006,000150512006,1,,"3171","3428",,
000150512006,000150512006,1,,"3237","2073",,
000150512006,000150512006,1,,"3428","2073",,
000150512006,000150512006,1,,"3428","3171",,
000150512006,000150512006,1,,"3473","3478",,
000150512006,000150512006,1,,"3478","3473",,
000140504004,000140504004,2,300,,,,
000210402003,000210402003,2,300,,,,
000150506006,000150506006,2,300,,,,
000130208002,000130208002,2,300,,,,
000110606007,000110606007,2,300,,,,
000200901033,000200901033,2,300,,,,
000200303009,000200303009,2,300,,,,
000160701004,000160701004,2,300,,,,
000180802006,000180802006,2,300,,,,
000180401010,000180401010,2,300,,,,
000130105002,000130105002,2,300,,,,
000400000112,000400000112,2,300,,,,
000400000113,000400000113,2,300,,,,
000500000106,000500000106,2,300,,,,
000221301027,000221301027,2,300,,,,
000220402125,000220402125,2,300,,,,
000220402126,000220402126,2,300,,,,
000200302004,000200302004,2,300,,,,
000140702007,000140702007,2,300,,,,
000140702008,000140702008,2,300,,,,
000400000115,000400000115,2,300,,,,
000400000116,000400000116,2,300,,,,
000180104003,000180104003,2,300,,,,
000180106008,000180106008,2,300,,,,
000180105004,000180105004,2,300,,,,
000180105005,000180105005,2,300,,,,
000120604002,000120604002,2,300,,,,
000120606003,000120606003,2,300,,,,
000110706012,000110706012,2,300,,,,
000180401011,000180401011,2,300,,,,
000140802003,000140802003,2,300,,,,
000200405045,000200405045,2,300,,,,
000190901008,000190901008,2,300,,,,
000190901009,000190901009,2,300,,,,
000141203005,000141203005,2,300,,,,
000200416002,000200416002,2,300,,,,
000200403022,000200403022,2,300,,,,
000110707013,000110707013,2,300,,,,
000110403004,000110403004,2,300,,,,
000110116002,000110116002,2,300,,,,
000200420015,000200420015,2,300,,,,
000220701017,000220701017,2,300,,,,
000220701018,000220701018,2,300,,,,
000110707014,000110707014,2,300,,,,
000110605008,000110605008,2,300,,,,
000110109005,000110109005,2,300,,,,
000180507008,000180507008,2,300,,,,
000180511008,000180511008,2,300,,,,
000160405002,000160405002,2,300,,,,
000220701019,000220701019,2,300,,,,
000200504010,000200504010,2,300,,,,
000190602009,000190602009,2,300,,,,
000190602010,000190602010,2,300,,,,
000150203007,000150203007,2,300,,,,
000200412021,000200412021,2,300,,,,
000151010006,000151010006,2,300,,,,
000180511009,000180511009,2,300,,,,
000121003003,000121003003,2,300,,,,
000130104004,000130104004,2,300,,,,
000220204008,000220204008,2,300,,,,
000160904009,000160904009,2,300,,,,
000200417039,000200417039,2,300,,,,
000200415002,000200415002,2,300,,,,
000200409014,000200409014,2,300,,,,
000140401012,000140401012,2,300,,,,
000200304015,000200304015,2,300,,,,
000200417019,000200417019,2,300,,,,
000200405046,000200405046,2,300,,,,
000190304003,000190304003,2,300,,,,
000190303009,000190303009,2,300,,,,
000200901034,000200901034,2,300,,,,
000200901035,000200901035,2,300,,,,
000200101022,000200101022,2,300,,,,
000200801011,000200801011,2,300,,,,
000200417040,000200417040,2,300,,,,
000500000112,000500000112,2,300,,,,
000220502006,000220502006,2,300,,,,
000221301028,000221301028,2,300,,,,
000220201066,000220201066,2,300,,,,
000220301061,000220301061,2,300,,,,
000220301062,000220301062,2,300,,,,
000220301063,000220301063,2,300,,,,
000220301064,000220301064,2,300,,,,
000220301066,000220301066,2,300,,,,
000220301069,000220301069,2,300,,,,
000220301070,000220301070,2,300,,,,
000220301072,000220301072,2,300,,,,
000220301073,000220301073,2,300,,,,
000220301074,000220301074,2,300,,,,
000220301078,000220301078,2,300,,,,
000221302009,000221302009,2,300,,,,
000220803030,000220803030,2,300,,,,
000220803031,000220803031,2,300,,,,
000220903026,000220903026,2,300,,,,
000221304015,000221304015,2,300,,,,
000221304016,000221304016,2,300,,,,
000221304017,000221304017,2,300,,,,
000300000086,000300000086,2,300,,,,
000400000117,000400000117,2,300,,,,
000300000069,000300000069,2,300,,,,
000500000114,000500000114,2,300,,,,
000300000070,000300000070,2,300,,,,
000300000071,000300000071,2,300,,,,
000300000072,000300000072,2,300,,,,
000300000073,000300000073,2,300,,,,
000300000074,000300000074,2,300,,,,
000500000115,000500000115,2,300,,,,
000220301091,000220301091,2,300,,,,
000220301092,000220301092,2,300,,,,
000220301093,000220301093,2,300,,,,
000220701020,000220701020,2,300,,,,
000200415017,000200415017,2,300,,,,
000170607004,000170607004,2,300,,,,
000180512002,000180512002,2,300,,,,
000190305001,000190305001,2,300,,,,
000190300503,000190300503,2,300,,,,
000190303007,000190303007,2,300,,,,
000190303010,000190303010,2,300,,,,
000110101013,000110101013,2,300,,,,
000200403023,000200403023,2,300,,,,
000200414010,000200414010,2,300,,,,
000200412022,000200412022,2,300,,,,
000200412023,000200412023,2,300,,,,
000210701024,000210701024,2,300,,,,
000150805002,000150805002,2,300,,,,
000170201005,000170201005,2,300,,,,
000170201005,000170201005,1,,"3351","3560",,
000170201005,000170201005,1,,"3560","3351",,
000220903029,000220903029,2,300,,,,
000180511010,000180511010,2,300,,,,
000220402036,000220402036,2,300,,,,
000190901010,000190901010,2,300,,,,
000110101014,000110101014,2,300,,,,
000110409007,000110409007,2,300,,,,
000140801005,000140801005,2,300,,,,
000180802007,000180802007,2,300,,,,
000180802007,000180802007,1,,"3277","3276",,
000180802007,000180802007,1,,"3356","3276",,
000170202004,000170202004,2,300,,,,
000150508003,000150508003,2,300,,,,
000210609003,000210609003,2,300,,,,
000120406007,000120406007,2,300,,,,
000400000123,000400000123,2,300,,,,
000400000023,000400000023,2,300,,,,
000400000048,000400000048,2,300,,,,
000400000069,000400000069,2,300,,,,
000400000090,000400000090,2,300,,,,
000400000136,000400000136,2,300,,,,
000400000137,000400000137,2,300,,,,
000400000138,000400000138,2,300,,,,
000400000139,000400000139,2,300,,,,
000220801010,000220801010,2,300,,,,
000220801011,000220801011,2,300,,,,
000180508007,000180508007,2,300,,,,
000110403005,000110403005,2,300,,,,
000220301021,000220301021,2,300,,,,
000220301084,000220301084,2,300,,,,
000110403006,000110403006,2,300,,,,
000110402004,000110402004,2,300,,,,
000220301087,000220301087,2,300,,,,
000220301088,000220301088,2,300,,,,
000130105003,000130105003,2,300,,,,
000200101009,000200101009,2,300,,,,
000170607005,000170607005,2,300,,,,
000190903016,000190903016,2,300,,,,
000190602011,000190602011,2,300,,,,
000400000128,000400000128,2,300,,,,
000220301089,000220301089,2,300,,,,
000200503011,000200503011,2,300,,,,
000200503012,000200503012,2,300,,,,
000160807004,000160807004,2,300,,,,
000160703011,000160703011,2,300,,,,
000180703008,000180703008,2,300,,,,
000180201005,000180201005,2,300,,,,
000160601009,000160601009,2,300,,,,
000160201007,000160201007,2,300,,,,
000110103004,000110103004,2,300,,,,
000200601014,000200601014,2,300,,,,
000300000087,000300000087,2,300,,,,
000300000088,000300000088,2,300,,,,
000300000089,000300000089,2,300,,,,
000300000090,000300000090,2,300,,,,
000300000091,000300000091,2,300,,,,
000400000129,000400000129,2,300,,,,
000400000130,000400000130,2,300,,,,
000400000131,000400000131,2,300,,,,
000400000132,000400000132,2,300,,,,
000400000134,000400000134,2,300,,,,
000400000135,000400000135,2,300,,,,
000221303010,000221303010,2,300,,,,
000220201067,000220201067,2,300,,,,
000200701006,000200701006,2,300,,,,
000160302013,000160302013,2,300,,,,
000160301014,000160301014,2,300,,,,
000160301015,000160301015,2,300,,,,
000160301016,000160301016,2,300,,,,
000160301017,000160301017,2,300,,,,
000160301018,000160301018,2,300,,,,
000141301008,000141301008,2,300,,,,
000141301009,000141301009,2,300,,,,
000140602003,000140602003,2,300,,,,
000140603005,000140603005,2,300,,,,
000140603006,000140603006,2,300,,,,
000110815002,000110815002,2,300,,,,
000190506003,000190506003,2,300,,,,
000140701034,000140701034,2,300,,,,
000160907006,000160907006,2,300,,,,
000190802004,000190802004,2,300,,,,
000300000097,000300000097,2,300,,,,
000220102032,000220102032,2,300,,,,
000220102033,000220102033,2,300,,,,
000300000098,000300000098,2,300,,,,
000300000099,000300000099,2,300,,,,
000140401011,000140401011,2,300,,,,
000150511006,000150511006,2,300,,,,
000400000140,000400000140,2,300,,,,
000150803003,000150803003,2,300,,,,
000170801003,000170801003,2,300,,,,
000220301095,000220301095,2,300,,,,
000500000118,000500000118,2,300,,,,
000400000124,000400000124,2,300,,,,
000200201008,000200201008,2,300,,,,
000110101015,000110101015,2,300,,,,
000170101007,000170101007,2,300,,,,
000170101008,000170101008,2,300,,,,
000200419036,000200419036,2,300,,,,
000200417045,000200417045,1,,,,,
000200417046,000200417046,1,,,,,
000200417047,000200417047,2,300,,,,
000200417049,000200417049,2,300,,,,
000200417050,000200417050,2,450,,,,
000500000138,000500000138,2,300,,,,
000500000139,000500000139,2,300,,,,
000500000140,000500000140,2,300,,,,
000140307005,000140307005,2,300,,,,
000140301004,000140301004,2,300,,,,
000140309003,000140309003,2,300,,,,
000140401013,000140401013,2,300,,,,
000140401014,000140401014,2,300,,,,
000110807006,000110807006,2,300,,,,
000110821003,000110821003,2,300,,,,
000160501006,000160501006,2,300,,,,
000160501006,000160501006,1,,"3193","3350",,
000160501006,000160501006,1,,"3350","3193",,
000200304009,000200304009,2,300,,,,
000200417051,000200417051,2,300,,,,
000200423007,000200423007,2,300,,,,
000200412024,000200412024,2,300,,,,
000200417052,000200417052,2,300,,,,
000200417012,000200417012,2,300,,,,
000221401010,000221401010,2,300,,,,
000221401012,000221401012,2,300,,,,
000220602009,000220602009,2,300,,,,
000220602010,000220602010,2,300,,,,
000500000148,000500000148,2,300,,,,
000300000107,000300000107,2,300,,,,
000300000108,000300000108,2,300,,,,
000300000111,000300000111,2,300,,,,
000300000110,000300000110,2,300,,,,
000110102011,000110102011,2,300,,,,
000220203028,000220203028,2,300,,,,
000220201005,000220201005,2,300,,,,
000300000109,000300000109,2,300,,,,
000400000145,000400000145,2,300,,,,
000400000146,000400000146,2,300,,,,
000400000147,000400000147,2,300,,,,
000400000148,000400000148,2,300,,,,
000400000149,000400000149,2,300,,,,
000220402045,000220402045,2,300,,,,
000191101002,000191101002,2,300,,,,
000150305002,000150305002,2,300,,,,
000150501006,000150501006,2,300,,,,
000150501007,000150501007,2,300,,,,
000150515006,000150515006,2,300,,,,
000150506008,000150506008,2,300,,,,
000200417053,000200417053,2,300,,,,
000200412025,000200412025,2,300,,,,
000180804005,000180804005,2,300,,,,
000190501002,000190501002,2,300,,,,
000140401016,000140401016,2,300,,,,
000200508014,000200508014,2,300,,,,
000180304003,000180304003,2,300,,,,
000190502006,000190502006,2,300,,,,
000190502007,000190502007,2,300,,,,
000190704002,000190704002,2,300,,,,
000150701004,000150701004,2,300,,,,
000150105003,000150105003,2,300,,,,
000220201068,000220201068,2,300,,,,
000220402129,000220402129,2,300,,,,
000220204010,000220204010,2,300,,,,
000200414011,000200414011,2,300,,,,
000220402137,000220402137,2,300,,,,
000221401013,000221401013,2,300,,,,
000220402061,000220402061,2,300,,,,
000220402062,000220402062,2,300,,,,
000170501016,000170501016,2,300,,,,
000170501016,000170501016,1,,"3292","3521",,
000170501016,000170501016,1,,"3351","3530",,
000170501016,000170501016,1,,"3521","3292",,
000170501016,000170501016,1,,"3523","3523",,
000170501016,000170501016,1,,"3523","3530",,
000170501016,000170501016,1,,"3530","3351",,
000170501016,000170501016,1,,"3530","3523",,
000170501016,000170501016,1,,"3530","3530",,
000170609002,000170609002,2,300,,,,
000170611006,000170611006,2,300,,,,
000170611007,000170611007,2,300,,,,
000170605003,000170605003,2,300,,,,
000200803012,000200803012,2,300,,,,
000140203010,000140203010,2,300,,,,
000170607006,000170607006,2,300,,,,
000200419037,000200419037,2,300,,,,
000220301082,000220301082,2,300,,,,
000200405049,000200405049,2,300,,,,
000200406024,000200406024,2,300,,,,
000160904010,000160904010,2,300,,,,
000200304012,000200304012,2,300,,,,
000200405051,000200405051,1,,,,,
000221301017,000221301017,2,300,,,,
000110706015,000110706015,2,300,,,,
000400000065,000400000065,2,300,,,,
000400000150,000400000150,2,300,,,,
000170501018,000170501018,2,300,,,,
000200412026,000200412026,2,300,,,,
000140204004,000140204004,2,300,,,,
000200412028,000200412028,2,300,,,,
000110104004,000110104004,2,300,,,,
000200601015,000200601015,2,300,,,,
000191104009,000191104009,2,300,,,,
000110609001,000110609001,2,300,,,,
000140401017,000140401017,2,300,,,,
000110101016,000110101016,2,300,,,,
000200417058,000200417058,1,,,,,
000500000155,000500000155,2,300,,,,
000210503012,000210503012,2,300,,,,
000110106001,000110106001,2,300,,,,
000201001004,000201001004,2,300,,,,
000200420016,000200420016,2,300,,,,
000161001007,000161001007,2,300,,,,
000120405002,000120405002,2,300,,,,
000160904011,000160904011,2,300,,,,
000500000159,000500000159,2,300,,,,
000500000160,000500000160,2,300,,,,
000500000161,000500000161,2,300,,,,
000500000162,000500000162,2,300,,,,
000400000160,000400000160,2,300,,,,
000110807008,000110807008,2,300,,,,
000110821005,000110821005,2,300,,,,
000400000161,000400000161,2,300,,,,
000500000163,000500000163,2,300,,,,
000201004003,000201004003,2,300,,,,
000400000162,000400000162,2,300,,,,
000200417060,000200417060,2,300,,,,
000300000131,000300000131,2,300,,,,
000200417061,000200417061,2,300,,,,
000200405057,000200405057,1,,,,,
000200405058,000200405058,1,,,,,
000200405059,000200405059,1,,,,,
000221004004,000221004004,2,300,,,,
000200201009,000200201009,2,300,,,,
000200201010,000200201010,2,300,,,,
000200201011,000200201011,2,300,,,,
000140702009,000140702009,2,300,,,,
000120507002,000120507002,2,300,,,,
000120102005,000120102005,2,300,,,,
000110407003,000110407003,2,300,,,,
000110802006,000110802006,2,300,,,,
000200901006,000200901006,2,300,,,,
000200405060,000200405060,2,300,,,,
000210501004,000210501004,2,300,,,,
000200417066,000200417066,1,,,,,
000200419039,000200419039,1,,,,,
000200419041,000200419041,1,,,,,
000200405061,000200405061,1,,,,,
000200409015,000200409015,2,300,,,,
000220401002,000220401002,2,300,,,,
000400000163,000400000163,2,300,,,,
000500000113,000500000113,2,300,,,,
000140307006,000140307006,2,300,,,,
000300000132,000300000132,2,300,,,,
000221101002,000221101002,2,300,,,,
000200407014,000200407014,2,300,,,,
000200412031,000200412031,2,300,,,,
000200414013,000200414013,2,300,,,,
000200412032,000200412032,2,300,,,,
000110606008,000110606008,2,300,,,,
000120606005,000120606005,2,300,,,,
000120903020,000120903020,2,300,,,,
000220102018,000220102018,2,120,,,,
000180703009,000180703009,2,300,,,,
000110109004,000110109004,2,300,,,,
000200601016,000200601016,2,300,,,,
000120603003,000120603003,2,180,,,,
000191103004,000191103004,2,300,,,,
000220903011,000220903011,2,300,,,,
000220902007,000220902007,2,300,,,,
000200101024,000200101024,2,300,,,,
000220105006,000220105006,2,300,,,,
000200701007,000200701007,2,300,,,,
000210503013,000210503013,2,300,,,,
000160101006,000160101006,2,300,,,,
000160101010,000160101010,2,300,,,,
000150501008,000150501008,2,300,,,,
000120701002,000120701002,2,300,,,,
000120510002,000120510002,2,300,,,,
000120510003,000120510003,2,300,,,,
000120705002,000120705002,2,300,,,,
000300000133,000300000133,2,300,,,,
000191101003,000191101003,2,300,,,,
000400000077,000400000077,2,300,,,,
000221301010,000221301010,2,300,,,,
000220203006,000220203006,2,300,,,,
000220402046,000220402046,2,300,,,,
000160301020,000160301020,2,300,,,,
000140304002,000140304002,2,300,,,,
000200415014,000200415014,2,300,,,,
000220301041,000220301041,2,300,,,,
000170804004,000170804004,2,300,,,,
000190606005,000190606005,2,300,,,,
000150108003,000150108003,2,300,,,,
000110409003,000110409003,2,300,,,,
000190101010,000190101010,2,300,,,,
000190101024,000190101024,2,300,,,,
000220903014,000220903014,2,300,,,,
000220901011,000220901011,2,300,,,,
000190101027,000190101027,2,300,,,,
000221301023,000221301023,2,300,,,,
000170802003,000170802003,2,300,,,,
000140203012,000140203012,2,300,,,,
000110811003,000110811003,2,300,,,,
000110811004,000110811004,2,300,,,,
000500000156,000500000156,2,300,,,,
000190401004,000190401004,2,300,,,,
000221107006,000221107006,2,300,,,,
000221107007,000221107007,2,300,,,,
000400000064,000400000064,2,300,,,,
000140401019,000140401019,2,300,,,,
000140401021,000140401021,2,300,,,,
000140401020,000140401020,2,300,,,,
000110821006,000110821006,2,300,,,,
000141302019,000141302019,2,300,,,,
000300000135,000300000135,2,300,,,,
000221303011,000221303011,2,300,,,,
000210607005,000210607005,2,300,,,,
000180306002,000180306002,2,300,,,,
000140301005,000140301005,2,300,,,,
000120601003,000120601003,2,300,,,,
000120604004,000120604004,2,300,,,,
000200901039,000200901039,2,300,,,,
000300000012,000300000012,2,300,,,,
000300000013,000300000013,2,300,,,,
000200901038,000200901038,2,300,,,,
000300000030,000300000030,2,300,,,,
000300000021,000300000021,2,300,,,,
000300000136,000300000136,2,300,,,,
000300000137,000300000137,2,300,,,,
000300000138,000300000138,2,300,,,,
000300000075,000300000075,2,300,,,,
000300000076,000300000076,2,300,,,,
000300000139,000300000139,2,300,,,,
000300000140,000300000140,2,300,,,,
000300000141,000300000141,2,300,,,,
000400000096,000400000096,2,300,,,,
000500000068,000500000068,2,300,,,,
000500000011,000500000011,2,300,,,,
000500000013,000500000013,2,300,,,,
000500000014,000500000014,2,300,,,,
000500000017,000500000017,2,300,,,,
000500000023,000500000023,2,300,,,,
000500000024,000500000024,2,300,,,,
000500000036,000500000036,2,300,,,,
000500000042,000500000042,2,300,,,,
000200404009,000200404009,1,,,,,
000200404031,000200404031,1,,,,,
000200404032,000200404032,2,120,,,,
000110802005,000110802005,2,300,,,,
000220402021,000220402021,2,300,,,,
000140701022,000140701022,2,300,,,,
000200404041,000200404041,2,300,,,,
000200304016,000200304016,2,300,,,,
000120606006,000120606006,2,300,,,,
000170801004,000170801004,2,300,,,,
000190501003,000190501003,2,300,,,,
000140602011,000140602011,2,300,,,,
000151011001,000151011001,2,300,,,,
000220701012,000220701012,2,300,,,,
000220701014,000220701014,2,300,,,,
000200407015,000200407015,2,300,,,,
000200101015,000200101015,2,300,,,,
000200304019,000200304019,1,,,,,
000200423006,000200423006,1,,,,,
000200423008,000200423008,1,,,,,
000200423009,000200423009,1,,,,,
000200304021,000200304021,1,,,,,
000140503004,000140503004,2,300,,,,
000220301035,000220301035,2,300,,,,
000220601016,000220601016,2,300,,,,
000221401016,000221401016,2,300,,,,
000400000164,000400000164,2,300,,,,
000400000165,000400000165,2,300,,,,
000141201002,000141201002,2,300,,,,
000400000166,000400000166,2,300,,,,
000400000168,000400000168,2,300,,,,
000110404004,000110404004,2,300,,,,
000210109003,000210109003,2,300,,,,
000190302008,000190302008,2,300,,,,
000220903013,000220903013,2,300,,,,
000400000045,000400000045,2,300,,,,
000140701029,000140701029,2,300,,,,
000180804008,000180804008,2,300,,,,
000180806001,000180806001,2,300,,,,
000210503014,000210503014,2,300,,,,
000150206002,000150206002,2,300,,,,
000220402063,000220402063,2,300,,,,
000220402008,000220402008,2,300,,,,
000300000112,000300000112,2,300,,,,
000160402003,000160402003,2,300,,,,
000191103005,000191103005,2,300,,,,
000130103002,000130103002,2,300,,,,
000191104010,000191104010,2,300,,,,
000110403007,000110403007,2,300,,,,
000220903023,000220903023,2,300,,,,
000500000081,000500000081,2,300,,,,
000170805002,000170805002,2,300,,,,
000190901006,000190901006,2,300,,,,
000190902004,000190902004,2,300,,,,
000220301058,000220301058,2,300,,,,
000140701050,000140701050,2,300,,,,
000140701051,000140701051,2,300,,,,
000140701053,000140701053,2,300,,,,
000300000015,000300000015,2,300,,,,
000400000071,000400000071,2,300,,,,
000400000098,000400000098,2,300,,,,
000400000106,000400000106,2,300,,,,
000130204002,000130204002,2,300,,,,
000200501006,000200501006,1,,,,,
000200508005,000200508005,1,,,,,
000120501004,000120501004,2,300,,,,
000200901023,000200901023,2,300,,,,
000170603002,000170603002,2,300,,,,
000160101011,000160101011,2,300,,,,
000160101012,000160101012,2,300,,,,
000220601019,000220601019,2,300,,,,
000160206006,000160206006,2,300,,,,
000160206008,000160206008,2,300,,,,
000140601003,000140601003,2,300,,,,
000191103006,000191103006,2,300,,,,
000150902008,000150902008,2,300,,,,
000140501007,000140501007,2,300,,,,
000140505005,000140505005,2,300,,,,
000110101017,000110101017,2,300,,,,
000400000118,000400000118,2,300,,,,
000170802004,000170802004,2,300,,,,
000200508015,000200508015,2,300,,,,
000200508016,000200508016,2,300,,,,
000500000059,000500000059,2,300,,,,
000500000044,000500000044,2,300,,,,
000200901009,000200901009,2,300,,,,
000200901012,000200901012,2,300,,,,
000400000133,000400000133,2,300,,,,
000140504005,000140504005,2,300,,,,
000220402024,000220402024,2,300,,,,
000180804006,000180804006,2,300,,,,
000180804007,000180804007,2,300,,,,
000900000032,000900000032,2,300,,,,
000180101002,000180101002,2,300,,,,
000150517004,000150517004,2,300,,,,
000900000026,000900000026,2,300,,,,
000500000045,000500000045,2,300,,,,
000200901021,000200901021,2,300,,,,
000110825001,000110825001,2,300,,,,
000210401008,000210401008,2,300,,,,
000150607003,000150607003,2,300,,,,
000150607004,000150607004,2,300,,,,
000150607005,000150607005,2,300,,,,
000220402068,000220402068,2,300,,,,
000210502003,000210502003,2,300,,,,
000140201005,000140201005,2,300,,,,
000120910004,000120910004,2,300,,,,
000220301043,000220301043,2,300,,,,
000221302010,000221302010,2,300,,,,
000221401014,000221401014,2,300,,,,
000220804015,000220804015,2,300,,,,
000400000169,000400000169,2,300,,,,
000900000071,000900000071,2,300,,,,
000900000072,000900000072,2,300,,,,
000160102003,000160102003,2,300,,,,
000170604004,000170604004,2,300,,,,
000221006002,000221006002,2,300,,,,
000400000126,000400000126,2,300,,,,
000900000096,000900000096,2,300,,,,
000900000130,000900000130,2,300,,,,
000500000087,000500000087,2,300,,,,
000180508006,000180508006,2,300,,,,
000190501004,000190501004,2,300,,,,
000120903032,000120903032,2,300,,,,
000500000171,000500000171,2,300,,,,
000900000155,000900000155,2,300,,,,
000200421007,000200421007,2,300,,,,
000200419040,000200419040,2,300,,,,
